
         /\      Grafana   /‾‾/  
    /\  /  \     |\  __   /  /   
   /  \/    \    | |/ /  /   ‾‾\ 
  /          \   |   (  |  (‾)  |
 / __________ \  |_|\_\  \_____/ 


     execution: local
        script: /Users/yeongseonchoe/GitHub/azure-app-service-practical-guide/labs/windows-java-httpplatformhandler-timeout/lab-2-loopback-saturation/k6/constant-arrival.js
        output: -

     scenarios: (100.00%) 1 scenario, 500 max VUs, 15m30s max duration (incl. graceful stop):
              * slow: 1.05 iterations/s for 15m0s (maxVUs: 300-500, gracefulStop: 30s)


running (00m01.0s), 002/300 VUs, 0 complete and 0 interrupted iterations
slow   [   0% ] 002/300 VUs  00m01.0s/15m0s  1.05 iters/s

running (00m02.0s), 003/300 VUs, 0 complete and 0 interrupted iterations
slow   [   0% ] 003/300 VUs  00m02.0s/15m0s  1.05 iters/s

running (00m03.0s), 004/300 VUs, 0 complete and 0 interrupted iterations
slow   [   0% ] 004/300 VUs  00m03.0s/15m0s  1.05 iters/s

running (00m04.0s), 005/300 VUs, 0 complete and 0 interrupted iterations
slow   [   0% ] 005/300 VUs  00m04.0s/15m0s  1.05 iters/s

running (00m05.0s), 006/300 VUs, 0 complete and 0 interrupted iterations
slow   [   1% ] 006/300 VUs  00m05.0s/15m0s  1.05 iters/s

running (00m06.0s), 007/300 VUs, 0 complete and 0 interrupted iterations
slow   [   1% ] 007/300 VUs  00m06.0s/15m0s  1.05 iters/s

running (00m07.0s), 008/300 VUs, 0 complete and 0 interrupted iterations
slow   [   1% ] 008/300 VUs  00m07.0s/15m0s  1.05 iters/s

running (00m08.0s), 009/300 VUs, 0 complete and 0 interrupted iterations
slow   [   1% ] 009/300 VUs  00m08.0s/15m0s  1.05 iters/s

running (00m09.0s), 010/300 VUs, 0 complete and 0 interrupted iterations
slow   [   1% ] 010/300 VUs  00m09.0s/15m0s  1.05 iters/s

running (00m10.0s), 011/300 VUs, 0 complete and 0 interrupted iterations
slow   [   1% ] 011/300 VUs  00m10.0s/15m0s  1.05 iters/s

running (00m11.0s), 012/300 VUs, 0 complete and 0 interrupted iterations
slow   [   1% ] 012/300 VUs  00m11.0s/15m0s  1.05 iters/s

running (00m12.0s), 013/300 VUs, 0 complete and 0 interrupted iterations
slow   [   1% ] 013/300 VUs  00m12.0s/15m0s  1.05 iters/s

running (00m13.0s), 014/300 VUs, 0 complete and 0 interrupted iterations
slow   [   1% ] 014/300 VUs  00m13.0s/15m0s  1.05 iters/s

running (00m14.0s), 015/300 VUs, 0 complete and 0 interrupted iterations
slow   [   2% ] 015/300 VUs  00m14.0s/15m0s  1.05 iters/s

running (00m15.0s), 016/300 VUs, 0 complete and 0 interrupted iterations
slow   [   2% ] 016/300 VUs  00m15.0s/15m0s  1.05 iters/s

running (00m16.0s), 017/300 VUs, 0 complete and 0 interrupted iterations
slow   [   2% ] 017/300 VUs  00m16.0s/15m0s  1.05 iters/s

running (00m17.0s), 018/300 VUs, 0 complete and 0 interrupted iterations
slow   [   2% ] 018/300 VUs  00m17.0s/15m0s  1.05 iters/s

running (00m18.0s), 019/300 VUs, 0 complete and 0 interrupted iterations
slow   [   2% ] 019/300 VUs  00m18.0s/15m0s  1.05 iters/s

running (00m19.0s), 020/300 VUs, 0 complete and 0 interrupted iterations
slow   [   2% ] 020/300 VUs  00m19.0s/15m0s  1.05 iters/s

running (00m20.0s), 021/300 VUs, 0 complete and 0 interrupted iterations
slow   [   2% ] 021/300 VUs  00m20.0s/15m0s  1.05 iters/s

running (00m21.0s), 023/300 VUs, 0 complete and 0 interrupted iterations
slow   [   2% ] 023/300 VUs  00m21.0s/15m0s  1.05 iters/s

running (00m22.0s), 024/300 VUs, 0 complete and 0 interrupted iterations
slow   [   2% ] 024/300 VUs  00m22.0s/15m0s  1.05 iters/s

running (00m23.0s), 025/300 VUs, 0 complete and 0 interrupted iterations
slow   [   3% ] 025/300 VUs  00m23.0s/15m0s  1.05 iters/s

running (00m24.0s), 026/300 VUs, 0 complete and 0 interrupted iterations
slow   [   3% ] 026/300 VUs  00m24.0s/15m0s  1.05 iters/s

running (00m25.0s), 027/300 VUs, 0 complete and 0 interrupted iterations
slow   [   3% ] 027/300 VUs  00m25.0s/15m0s  1.05 iters/s

running (00m26.0s), 028/300 VUs, 0 complete and 0 interrupted iterations
slow   [   3% ] 028/300 VUs  00m26.0s/15m0s  1.05 iters/s

running (00m27.0s), 029/300 VUs, 0 complete and 0 interrupted iterations
slow   [   3% ] 029/300 VUs  00m27.0s/15m0s  1.05 iters/s

running (00m28.0s), 030/300 VUs, 0 complete and 0 interrupted iterations
slow   [   3% ] 030/300 VUs  00m28.0s/15m0s  1.05 iters/s

running (00m29.0s), 031/300 VUs, 0 complete and 0 interrupted iterations
slow   [   3% ] 031/300 VUs  00m29.0s/15m0s  1.05 iters/s

running (00m30.0s), 032/300 VUs, 0 complete and 0 interrupted iterations
slow   [   3% ] 032/300 VUs  00m30.0s/15m0s  1.05 iters/s

running (00m31.0s), 033/300 VUs, 0 complete and 0 interrupted iterations
slow   [   3% ] 033/300 VUs  00m31.0s/15m0s  1.05 iters/s

running (00m32.0s), 034/300 VUs, 0 complete and 0 interrupted iterations
slow   [   4% ] 034/300 VUs  00m32.0s/15m0s  1.05 iters/s

running (00m33.0s), 035/300 VUs, 0 complete and 0 interrupted iterations
slow   [   4% ] 035/300 VUs  00m33.0s/15m0s  1.05 iters/s

running (00m34.0s), 036/300 VUs, 0 complete and 0 interrupted iterations
slow   [   4% ] 036/300 VUs  00m34.0s/15m0s  1.05 iters/s

running (00m35.0s), 037/300 VUs, 0 complete and 0 interrupted iterations
slow   [   4% ] 037/300 VUs  00m35.0s/15m0s  1.05 iters/s

running (00m36.0s), 038/300 VUs, 0 complete and 0 interrupted iterations
slow   [   4% ] 038/300 VUs  00m36.0s/15m0s  1.05 iters/s

running (00m37.0s), 039/300 VUs, 0 complete and 0 interrupted iterations
slow   [   4% ] 039/300 VUs  00m37.0s/15m0s  1.05 iters/s

running (00m38.0s), 040/300 VUs, 0 complete and 0 interrupted iterations
slow   [   4% ] 040/300 VUs  00m38.0s/15m0s  1.05 iters/s

running (00m39.0s), 041/300 VUs, 0 complete and 0 interrupted iterations
slow   [   4% ] 041/300 VUs  00m39.0s/15m0s  1.05 iters/s

running (00m40.0s), 042/300 VUs, 0 complete and 0 interrupted iterations
slow   [   4% ] 042/300 VUs  00m40.0s/15m0s  1.05 iters/s

running (00m41.0s), 044/300 VUs, 0 complete and 0 interrupted iterations
slow   [   5% ] 044/300 VUs  00m41.0s/15m0s  1.05 iters/s

running (00m42.0s), 045/300 VUs, 0 complete and 0 interrupted iterations
slow   [   5% ] 045/300 VUs  00m42.0s/15m0s  1.05 iters/s

running (00m43.0s), 046/300 VUs, 0 complete and 0 interrupted iterations
slow   [   5% ] 046/300 VUs  00m43.0s/15m0s  1.05 iters/s

running (00m44.0s), 047/300 VUs, 0 complete and 0 interrupted iterations
slow   [   5% ] 047/300 VUs  00m44.0s/15m0s  1.05 iters/s

running (00m45.0s), 048/300 VUs, 0 complete and 0 interrupted iterations
slow   [   5% ] 048/300 VUs  00m45.0s/15m0s  1.05 iters/s

running (00m46.0s), 049/300 VUs, 0 complete and 0 interrupted iterations
slow   [   5% ] 049/300 VUs  00m46.0s/15m0s  1.05 iters/s

running (00m47.0s), 050/300 VUs, 0 complete and 0 interrupted iterations
slow   [   5% ] 050/300 VUs  00m47.0s/15m0s  1.05 iters/s

running (00m48.0s), 051/300 VUs, 0 complete and 0 interrupted iterations
slow   [   5% ] 051/300 VUs  00m48.0s/15m0s  1.05 iters/s

running (00m49.0s), 052/300 VUs, 0 complete and 0 interrupted iterations
slow   [   5% ] 052/300 VUs  00m49.0s/15m0s  1.05 iters/s

running (00m50.0s), 053/300 VUs, 0 complete and 0 interrupted iterations
slow   [   6% ] 053/300 VUs  00m50.0s/15m0s  1.05 iters/s

running (00m51.0s), 054/300 VUs, 0 complete and 0 interrupted iterations
slow   [   6% ] 054/300 VUs  00m51.0s/15m0s  1.05 iters/s

running (00m52.0s), 055/300 VUs, 0 complete and 0 interrupted iterations
slow   [   6% ] 055/300 VUs  00m52.0s/15m0s  1.05 iters/s

running (00m53.0s), 056/300 VUs, 0 complete and 0 interrupted iterations
slow   [   6% ] 056/300 VUs  00m53.0s/15m0s  1.05 iters/s

running (00m54.0s), 057/300 VUs, 0 complete and 0 interrupted iterations
slow   [   6% ] 057/300 VUs  00m54.0s/15m0s  1.05 iters/s

running (00m55.0s), 058/300 VUs, 0 complete and 0 interrupted iterations
slow   [   6% ] 058/300 VUs  00m55.0s/15m0s  1.05 iters/s

running (00m56.0s), 059/300 VUs, 0 complete and 0 interrupted iterations
slow   [   6% ] 059/300 VUs  00m56.0s/15m0s  1.05 iters/s

running (00m57.0s), 060/300 VUs, 0 complete and 0 interrupted iterations
slow   [   6% ] 060/300 VUs  00m57.0s/15m0s  1.05 iters/s

running (00m58.0s), 061/300 VUs, 0 complete and 0 interrupted iterations
slow   [   6% ] 061/300 VUs  00m58.0s/15m0s  1.05 iters/s

running (00m59.0s), 062/300 VUs, 0 complete and 0 interrupted iterations
slow   [   7% ] 062/300 VUs  00m59.0s/15m0s  1.05 iters/s

running (01m00.0s), 063/300 VUs, 0 complete and 0 interrupted iterations
slow   [   7% ] 063/300 VUs  01m00.0s/15m0s  1.05 iters/s

running (01m01.0s), 065/300 VUs, 0 complete and 0 interrupted iterations
slow   [   7% ] 065/300 VUs  01m01.0s/15m0s  1.05 iters/s

running (01m02.0s), 066/300 VUs, 0 complete and 0 interrupted iterations
slow   [   7% ] 066/300 VUs  01m02.0s/15m0s  1.05 iters/s

running (01m03.0s), 067/300 VUs, 0 complete and 0 interrupted iterations
slow   [   7% ] 067/300 VUs  01m03.0s/15m0s  1.05 iters/s

running (01m04.0s), 068/300 VUs, 0 complete and 0 interrupted iterations
slow   [   7% ] 068/300 VUs  01m04.0s/15m0s  1.05 iters/s

running (01m05.0s), 069/300 VUs, 0 complete and 0 interrupted iterations
slow   [   7% ] 069/300 VUs  01m05.0s/15m0s  1.05 iters/s

running (01m06.0s), 070/300 VUs, 0 complete and 0 interrupted iterations
slow   [   7% ] 070/300 VUs  01m06.0s/15m0s  1.05 iters/s

running (01m07.0s), 071/300 VUs, 0 complete and 0 interrupted iterations
slow   [   7% ] 071/300 VUs  01m07.0s/15m0s  1.05 iters/s

running (01m08.0s), 072/300 VUs, 0 complete and 0 interrupted iterations
slow   [   8% ] 072/300 VUs  01m08.0s/15m0s  1.05 iters/s

running (01m09.0s), 073/300 VUs, 0 complete and 0 interrupted iterations
slow   [   8% ] 073/300 VUs  01m09.0s/15m0s  1.05 iters/s

running (01m10.0s), 074/300 VUs, 0 complete and 0 interrupted iterations
slow   [   8% ] 074/300 VUs  01m10.0s/15m0s  1.05 iters/s

running (01m11.0s), 075/300 VUs, 0 complete and 0 interrupted iterations
slow   [   8% ] 075/300 VUs  01m11.0s/15m0s  1.05 iters/s

running (01m12.0s), 076/300 VUs, 0 complete and 0 interrupted iterations
slow   [   8% ] 076/300 VUs  01m12.0s/15m0s  1.05 iters/s

running (01m13.0s), 077/300 VUs, 0 complete and 0 interrupted iterations
slow   [   8% ] 077/300 VUs  01m13.0s/15m0s  1.05 iters/s

running (01m14.0s), 078/300 VUs, 0 complete and 0 interrupted iterations
slow   [   8% ] 078/300 VUs  01m14.0s/15m0s  1.05 iters/s

running (01m15.0s), 079/300 VUs, 0 complete and 0 interrupted iterations
slow   [   8% ] 079/300 VUs  01m15.0s/15m0s  1.05 iters/s

running (01m16.0s), 080/300 VUs, 0 complete and 0 interrupted iterations
slow   [   8% ] 080/300 VUs  01m16.0s/15m0s  1.05 iters/s

running (01m17.0s), 081/300 VUs, 0 complete and 0 interrupted iterations
slow   [   9% ] 081/300 VUs  01m17.0s/15m0s  1.05 iters/s

running (01m18.0s), 082/300 VUs, 0 complete and 0 interrupted iterations
slow   [   9% ] 082/300 VUs  01m18.0s/15m0s  1.05 iters/s

running (01m19.0s), 083/300 VUs, 0 complete and 0 interrupted iterations
slow   [   9% ] 083/300 VUs  01m19.0s/15m0s  1.05 iters/s

running (01m20.0s), 085/300 VUs, 0 complete and 0 interrupted iterations
slow   [   9% ] 085/300 VUs  01m20.0s/15m0s  1.05 iters/s

running (01m21.0s), 086/300 VUs, 0 complete and 0 interrupted iterations
slow   [   9% ] 086/300 VUs  01m21.0s/15m0s  1.05 iters/s

running (01m22.0s), 087/300 VUs, 0 complete and 0 interrupted iterations
slow   [   9% ] 087/300 VUs  01m22.0s/15m0s  1.05 iters/s

running (01m23.0s), 088/300 VUs, 0 complete and 0 interrupted iterations
slow   [   9% ] 088/300 VUs  01m23.0s/15m0s  1.05 iters/s

running (01m24.0s), 089/300 VUs, 0 complete and 0 interrupted iterations
slow   [   9% ] 089/300 VUs  01m24.0s/15m0s  1.05 iters/s

running (01m25.0s), 090/300 VUs, 0 complete and 0 interrupted iterations
slow   [   9% ] 090/300 VUs  01m25.0s/15m0s  1.05 iters/s

running (01m26.0s), 091/300 VUs, 0 complete and 0 interrupted iterations
slow   [  10% ] 091/300 VUs  01m26.0s/15m0s  1.05 iters/s

running (01m27.0s), 092/300 VUs, 0 complete and 0 interrupted iterations
slow   [  10% ] 092/300 VUs  01m27.0s/15m0s  1.05 iters/s

running (01m28.0s), 093/300 VUs, 0 complete and 0 interrupted iterations
slow   [  10% ] 093/300 VUs  01m28.0s/15m0s  1.05 iters/s

running (01m29.0s), 094/300 VUs, 0 complete and 0 interrupted iterations
slow   [  10% ] 094/300 VUs  01m29.0s/15m0s  1.05 iters/s

running (01m30.0s), 095/300 VUs, 0 complete and 0 interrupted iterations
slow   [  10% ] 095/300 VUs  01m30.0s/15m0s  1.05 iters/s

running (01m31.0s), 096/300 VUs, 0 complete and 0 interrupted iterations
slow   [  10% ] 096/300 VUs  01m31.0s/15m0s  1.05 iters/s

running (01m32.0s), 097/300 VUs, 0 complete and 0 interrupted iterations
slow   [  10% ] 097/300 VUs  01m32.0s/15m0s  1.05 iters/s

running (01m33.0s), 098/300 VUs, 0 complete and 0 interrupted iterations
slow   [  10% ] 098/300 VUs  01m33.0s/15m0s  1.05 iters/s

running (01m34.0s), 099/300 VUs, 0 complete and 0 interrupted iterations
slow   [  10% ] 099/300 VUs  01m34.0s/15m0s  1.05 iters/s

running (01m35.0s), 100/300 VUs, 0 complete and 0 interrupted iterations
slow   [  11% ] 100/300 VUs  01m35.0s/15m0s  1.05 iters/s

running (01m36.0s), 101/300 VUs, 0 complete and 0 interrupted iterations
slow   [  11% ] 101/300 VUs  01m36.0s/15m0s  1.05 iters/s

running (01m37.0s), 102/300 VUs, 0 complete and 0 interrupted iterations
slow   [  11% ] 102/300 VUs  01m37.0s/15m0s  1.05 iters/s

running (01m38.0s), 103/300 VUs, 0 complete and 0 interrupted iterations
slow   [  11% ] 103/300 VUs  01m38.0s/15m0s  1.05 iters/s

running (01m39.0s), 104/300 VUs, 0 complete and 0 interrupted iterations
slow   [  11% ] 104/300 VUs  01m39.0s/15m0s  1.05 iters/s

running (01m40.0s), 106/300 VUs, 0 complete and 0 interrupted iterations
slow   [  11% ] 106/300 VUs  01m40.0s/15m0s  1.05 iters/s

running (01m41.0s), 107/300 VUs, 0 complete and 0 interrupted iterations
slow   [  11% ] 107/300 VUs  01m41.0s/15m0s  1.05 iters/s

running (01m42.0s), 108/300 VUs, 0 complete and 0 interrupted iterations
slow   [  11% ] 108/300 VUs  01m42.0s/15m0s  1.05 iters/s

running (01m43.0s), 109/300 VUs, 0 complete and 0 interrupted iterations
slow   [  11% ] 109/300 VUs  01m43.0s/15m0s  1.05 iters/s

running (01m44.0s), 110/300 VUs, 0 complete and 0 interrupted iterations
slow   [  12% ] 110/300 VUs  01m44.0s/15m0s  1.05 iters/s

running (01m45.0s), 111/300 VUs, 0 complete and 0 interrupted iterations
slow   [  12% ] 111/300 VUs  01m45.0s/15m0s  1.05 iters/s

running (01m46.0s), 112/300 VUs, 0 complete and 0 interrupted iterations
slow   [  12% ] 112/300 VUs  01m46.0s/15m0s  1.05 iters/s

running (01m47.0s), 113/300 VUs, 0 complete and 0 interrupted iterations
slow   [  12% ] 113/300 VUs  01m47.0s/15m0s  1.05 iters/s

running (01m48.0s), 114/300 VUs, 0 complete and 0 interrupted iterations
slow   [  12% ] 114/300 VUs  01m48.0s/15m0s  1.05 iters/s

running (01m49.0s), 115/300 VUs, 0 complete and 0 interrupted iterations
slow   [  12% ] 115/300 VUs  01m49.0s/15m0s  1.05 iters/s

running (01m50.0s), 116/300 VUs, 0 complete and 0 interrupted iterations
slow   [  12% ] 116/300 VUs  01m50.0s/15m0s  1.05 iters/s

running (01m51.0s), 117/300 VUs, 0 complete and 0 interrupted iterations
slow   [  12% ] 117/300 VUs  01m51.0s/15m0s  1.05 iters/s

running (01m52.0s), 118/300 VUs, 0 complete and 0 interrupted iterations
slow   [  12% ] 118/300 VUs  01m52.0s/15m0s  1.05 iters/s

running (01m53.0s), 119/300 VUs, 0 complete and 0 interrupted iterations
slow   [  13% ] 119/300 VUs  01m53.0s/15m0s  1.05 iters/s

running (01m54.0s), 120/300 VUs, 0 complete and 0 interrupted iterations
slow   [  13% ] 120/300 VUs  01m54.0s/15m0s  1.05 iters/s

running (01m55.0s), 121/300 VUs, 0 complete and 0 interrupted iterations
slow   [  13% ] 121/300 VUs  01m55.0s/15m0s  1.05 iters/s

running (01m56.0s), 122/300 VUs, 0 complete and 0 interrupted iterations
slow   [  13% ] 122/300 VUs  01m56.0s/15m0s  1.05 iters/s

running (01m57.0s), 123/300 VUs, 0 complete and 0 interrupted iterations
slow   [  13% ] 123/300 VUs  01m57.0s/15m0s  1.05 iters/s

running (01m58.0s), 124/300 VUs, 0 complete and 0 interrupted iterations
slow   [  13% ] 124/300 VUs  01m58.0s/15m0s  1.05 iters/s

running (01m59.0s), 125/300 VUs, 0 complete and 0 interrupted iterations
slow   [  13% ] 125/300 VUs  01m59.0s/15m0s  1.05 iters/s

running (02m00.0s), 127/300 VUs, 0 complete and 0 interrupted iterations
slow   [  13% ] 127/300 VUs  02m00.0s/15m0s  1.05 iters/s

running (02m01.0s), 128/300 VUs, 0 complete and 0 interrupted iterations
slow   [  13% ] 128/300 VUs  02m01.0s/15m0s  1.05 iters/s

running (02m02.0s), 129/300 VUs, 0 complete and 0 interrupted iterations
slow   [  14% ] 129/300 VUs  02m02.0s/15m0s  1.05 iters/s

running (02m03.0s), 130/300 VUs, 0 complete and 0 interrupted iterations
slow   [  14% ] 130/300 VUs  02m03.0s/15m0s  1.05 iters/s

running (02m04.0s), 131/300 VUs, 0 complete and 0 interrupted iterations
slow   [  14% ] 131/300 VUs  02m04.0s/15m0s  1.05 iters/s

running (02m05.0s), 132/300 VUs, 0 complete and 0 interrupted iterations
slow   [  14% ] 132/300 VUs  02m05.0s/15m0s  1.05 iters/s

running (02m06.0s), 133/300 VUs, 0 complete and 0 interrupted iterations
slow   [  14% ] 133/300 VUs  02m06.0s/15m0s  1.05 iters/s

running (02m07.0s), 134/300 VUs, 0 complete and 0 interrupted iterations
slow   [  14% ] 134/300 VUs  02m07.0s/15m0s  1.05 iters/s

running (02m08.0s), 135/300 VUs, 0 complete and 0 interrupted iterations
slow   [  14% ] 135/300 VUs  02m08.0s/15m0s  1.05 iters/s

running (02m09.0s), 136/300 VUs, 0 complete and 0 interrupted iterations
slow   [  14% ] 136/300 VUs  02m09.0s/15m0s  1.05 iters/s

running (02m10.0s), 137/300 VUs, 0 complete and 0 interrupted iterations
slow   [  14% ] 137/300 VUs  02m10.0s/15m0s  1.05 iters/s

running (02m11.0s), 138/300 VUs, 0 complete and 0 interrupted iterations
slow   [  15% ] 138/300 VUs  02m11.0s/15m0s  1.05 iters/s

running (02m12.0s), 139/300 VUs, 0 complete and 0 interrupted iterations
slow   [  15% ] 139/300 VUs  02m12.0s/15m0s  1.05 iters/s

running (02m13.0s), 140/300 VUs, 0 complete and 0 interrupted iterations
slow   [  15% ] 140/300 VUs  02m13.0s/15m0s  1.05 iters/s

running (02m14.0s), 141/300 VUs, 0 complete and 0 interrupted iterations
slow   [  15% ] 141/300 VUs  02m14.0s/15m0s  1.05 iters/s

running (02m15.0s), 142/300 VUs, 0 complete and 0 interrupted iterations
slow   [  15% ] 142/300 VUs  02m15.0s/15m0s  1.05 iters/s

running (02m16.0s), 143/300 VUs, 0 complete and 0 interrupted iterations
slow   [  15% ] 143/300 VUs  02m16.0s/15m0s  1.05 iters/s

running (02m17.0s), 144/300 VUs, 0 complete and 0 interrupted iterations
slow   [  15% ] 144/300 VUs  02m17.0s/15m0s  1.05 iters/s

running (02m18.0s), 145/300 VUs, 0 complete and 0 interrupted iterations
slow   [  15% ] 145/300 VUs  02m18.0s/15m0s  1.05 iters/s

running (02m19.0s), 146/300 VUs, 0 complete and 0 interrupted iterations
slow   [  15% ] 146/300 VUs  02m19.0s/15m0s  1.05 iters/s

running (02m20.0s), 148/300 VUs, 0 complete and 0 interrupted iterations
slow   [  16% ] 148/300 VUs  02m20.0s/15m0s  1.05 iters/s

running (02m21.0s), 149/300 VUs, 0 complete and 0 interrupted iterations
slow   [  16% ] 149/300 VUs  02m21.0s/15m0s  1.05 iters/s

running (02m22.0s), 150/300 VUs, 0 complete and 0 interrupted iterations
slow   [  16% ] 150/300 VUs  02m22.0s/15m0s  1.05 iters/s

running (02m23.0s), 151/300 VUs, 0 complete and 0 interrupted iterations
slow   [  16% ] 151/300 VUs  02m23.0s/15m0s  1.05 iters/s

running (02m24.0s), 152/300 VUs, 0 complete and 0 interrupted iterations
slow   [  16% ] 152/300 VUs  02m24.0s/15m0s  1.05 iters/s

running (02m25.0s), 153/300 VUs, 0 complete and 0 interrupted iterations
slow   [  16% ] 153/300 VUs  02m25.0s/15m0s  1.05 iters/s

running (02m26.0s), 154/300 VUs, 0 complete and 0 interrupted iterations
slow   [  16% ] 154/300 VUs  02m26.0s/15m0s  1.05 iters/s

running (02m27.0s), 155/300 VUs, 0 complete and 0 interrupted iterations
slow   [  16% ] 155/300 VUs  02m27.0s/15m0s  1.05 iters/s

running (02m28.0s), 156/300 VUs, 0 complete and 0 interrupted iterations
slow   [  16% ] 156/300 VUs  02m28.0s/15m0s  1.05 iters/s

running (02m29.0s), 157/300 VUs, 0 complete and 0 interrupted iterations
slow   [  17% ] 157/300 VUs  02m29.0s/15m0s  1.05 iters/s

running (02m30.0s), 158/300 VUs, 0 complete and 0 interrupted iterations
slow   [  17% ] 158/300 VUs  02m30.0s/15m0s  1.05 iters/s

running (02m31.0s), 159/300 VUs, 0 complete and 0 interrupted iterations
slow   [  17% ] 159/300 VUs  02m31.0s/15m0s  1.05 iters/s

running (02m32.0s), 160/300 VUs, 0 complete and 0 interrupted iterations
slow   [  17% ] 160/300 VUs  02m32.0s/15m0s  1.05 iters/s

running (02m33.0s), 161/300 VUs, 0 complete and 0 interrupted iterations
slow   [  17% ] 161/300 VUs  02m33.0s/15m0s  1.05 iters/s

running (02m34.0s), 162/300 VUs, 0 complete and 0 interrupted iterations
slow   [  17% ] 162/300 VUs  02m34.0s/15m0s  1.05 iters/s

running (02m35.0s), 163/300 VUs, 0 complete and 0 interrupted iterations
slow   [  17% ] 163/300 VUs  02m35.0s/15m0s  1.05 iters/s

running (02m36.0s), 164/300 VUs, 0 complete and 0 interrupted iterations
slow   [  17% ] 164/300 VUs  02m36.0s/15m0s  1.05 iters/s

running (02m37.0s), 165/300 VUs, 0 complete and 0 interrupted iterations
slow   [  17% ] 165/300 VUs  02m37.0s/15m0s  1.05 iters/s

running (02m38.0s), 166/300 VUs, 0 complete and 0 interrupted iterations
slow   [  18% ] 166/300 VUs  02m38.0s/15m0s  1.05 iters/s

running (02m39.0s), 167/300 VUs, 0 complete and 0 interrupted iterations
slow   [  18% ] 167/300 VUs  02m39.0s/15m0s  1.05 iters/s

running (02m40.0s), 169/300 VUs, 0 complete and 0 interrupted iterations
slow   [  18% ] 169/300 VUs  02m40.0s/15m0s  1.05 iters/s

running (02m41.0s), 170/300 VUs, 0 complete and 0 interrupted iterations
slow   [  18% ] 170/300 VUs  02m41.0s/15m0s  1.05 iters/s

running (02m42.0s), 171/300 VUs, 0 complete and 0 interrupted iterations
slow   [  18% ] 171/300 VUs  02m42.0s/15m0s  1.05 iters/s

running (02m43.0s), 172/300 VUs, 0 complete and 0 interrupted iterations
slow   [  18% ] 172/300 VUs  02m43.0s/15m0s  1.05 iters/s

running (02m44.0s), 173/300 VUs, 0 complete and 0 interrupted iterations
slow   [  18% ] 173/300 VUs  02m44.0s/15m0s  1.05 iters/s

running (02m45.0s), 174/300 VUs, 0 complete and 0 interrupted iterations
slow   [  18% ] 174/300 VUs  02m45.0s/15m0s  1.05 iters/s

running (02m46.0s), 175/300 VUs, 0 complete and 0 interrupted iterations
slow   [  18% ] 175/300 VUs  02m46.0s/15m0s  1.05 iters/s

running (02m47.0s), 176/300 VUs, 0 complete and 0 interrupted iterations
slow   [  19% ] 176/300 VUs  02m47.0s/15m0s  1.05 iters/s

running (02m48.0s), 177/300 VUs, 0 complete and 0 interrupted iterations
slow   [  19% ] 177/300 VUs  02m48.0s/15m0s  1.05 iters/s

running (02m49.0s), 178/300 VUs, 0 complete and 0 interrupted iterations
slow   [  19% ] 178/300 VUs  02m49.0s/15m0s  1.05 iters/s

running (02m50.0s), 179/300 VUs, 0 complete and 0 interrupted iterations
slow   [  19% ] 179/300 VUs  02m50.0s/15m0s  1.05 iters/s

running (02m51.0s), 180/300 VUs, 0 complete and 0 interrupted iterations
slow   [  19% ] 180/300 VUs  02m51.0s/15m0s  1.05 iters/s

running (02m52.0s), 181/300 VUs, 0 complete and 0 interrupted iterations
slow   [  19% ] 181/300 VUs  02m52.0s/15m0s  1.05 iters/s

running (02m53.0s), 182/300 VUs, 0 complete and 0 interrupted iterations
slow   [  19% ] 182/300 VUs  02m53.0s/15m0s  1.05 iters/s

running (02m54.0s), 183/300 VUs, 0 complete and 0 interrupted iterations
slow   [  19% ] 183/300 VUs  02m54.0s/15m0s  1.05 iters/s

running (02m55.0s), 184/300 VUs, 0 complete and 0 interrupted iterations
slow   [  19% ] 184/300 VUs  02m55.0s/15m0s  1.05 iters/s

running (02m56.0s), 185/300 VUs, 0 complete and 0 interrupted iterations
slow   [  20% ] 185/300 VUs  02m56.0s/15m0s  1.05 iters/s

running (02m57.0s), 186/300 VUs, 0 complete and 0 interrupted iterations
slow   [  20% ] 186/300 VUs  02m57.0s/15m0s  1.05 iters/s

running (02m58.0s), 187/300 VUs, 0 complete and 0 interrupted iterations
slow   [  20% ] 187/300 VUs  02m58.0s/15m0s  1.05 iters/s

running (02m59.0s), 188/300 VUs, 0 complete and 0 interrupted iterations
slow   [  20% ] 189/300 VUs  02m59.0s/15m0s  1.05 iters/s

running (03m00.0s), 190/300 VUs, 0 complete and 0 interrupted iterations
slow   [  20% ] 190/300 VUs  03m00.0s/15m0s  1.05 iters/s

running (03m01.0s), 191/300 VUs, 0 complete and 0 interrupted iterations
slow   [  20% ] 191/300 VUs  03m01.0s/15m0s  1.05 iters/s

running (03m02.0s), 192/300 VUs, 0 complete and 0 interrupted iterations
slow   [  20% ] 192/300 VUs  03m02.0s/15m0s  1.05 iters/s

running (03m03.0s), 193/300 VUs, 0 complete and 0 interrupted iterations
slow   [  20% ] 193/300 VUs  03m03.0s/15m0s  1.05 iters/s

running (03m04.0s), 194/300 VUs, 0 complete and 0 interrupted iterations
slow   [  20% ] 194/300 VUs  03m04.0s/15m0s  1.05 iters/s

running (03m05.0s), 195/300 VUs, 0 complete and 0 interrupted iterations
slow   [  21% ] 195/300 VUs  03m05.0s/15m0s  1.05 iters/s

running (03m06.0s), 196/300 VUs, 0 complete and 0 interrupted iterations
slow   [  21% ] 196/300 VUs  03m06.0s/15m0s  1.05 iters/s

running (03m07.0s), 197/300 VUs, 0 complete and 0 interrupted iterations
slow   [  21% ] 197/300 VUs  03m07.0s/15m0s  1.05 iters/s

running (03m08.0s), 198/300 VUs, 0 complete and 0 interrupted iterations
slow   [  21% ] 198/300 VUs  03m08.0s/15m0s  1.05 iters/s

running (03m09.0s), 199/300 VUs, 0 complete and 0 interrupted iterations
slow   [  21% ] 199/300 VUs  03m09.0s/15m0s  1.05 iters/s

running (03m10.0s), 200/300 VUs, 0 complete and 0 interrupted iterations
slow   [  21% ] 200/300 VUs  03m10.0s/15m0s  1.05 iters/s

running (03m11.0s), 201/300 VUs, 0 complete and 0 interrupted iterations
slow   [  21% ] 201/300 VUs  03m11.0s/15m0s  1.05 iters/s

running (03m12.0s), 202/300 VUs, 0 complete and 0 interrupted iterations
slow   [  21% ] 202/300 VUs  03m12.0s/15m0s  1.05 iters/s

running (03m13.0s), 203/300 VUs, 0 complete and 0 interrupted iterations
slow   [  21% ] 203/300 VUs  03m13.0s/15m0s  1.05 iters/s

running (03m14.0s), 204/300 VUs, 0 complete and 0 interrupted iterations
slow   [  22% ] 204/300 VUs  03m14.0s/15m0s  1.05 iters/s

running (03m15.0s), 205/300 VUs, 0 complete and 0 interrupted iterations
slow   [  22% ] 205/300 VUs  03m15.0s/15m0s  1.05 iters/s

running (03m16.0s), 206/300 VUs, 0 complete and 0 interrupted iterations
slow   [  22% ] 206/300 VUs  03m16.0s/15m0s  1.05 iters/s

running (03m17.0s), 207/300 VUs, 0 complete and 0 interrupted iterations
slow   [  22% ] 207/300 VUs  03m17.0s/15m0s  1.05 iters/s

running (03m18.0s), 208/300 VUs, 0 complete and 0 interrupted iterations
slow   [  22% ] 208/300 VUs  03m18.0s/15m0s  1.05 iters/s

running (03m19.0s), 210/300 VUs, 0 complete and 0 interrupted iterations
slow   [  22% ] 210/300 VUs  03m19.0s/15m0s  1.05 iters/s

running (03m20.0s), 211/300 VUs, 0 complete and 0 interrupted iterations
slow   [  22% ] 211/300 VUs  03m20.0s/15m0s  1.05 iters/s

running (03m21.0s), 212/300 VUs, 0 complete and 0 interrupted iterations
slow   [  22% ] 212/300 VUs  03m21.0s/15m0s  1.05 iters/s

running (03m22.0s), 213/300 VUs, 0 complete and 0 interrupted iterations
slow   [  22% ] 213/300 VUs  03m22.0s/15m0s  1.05 iters/s

running (03m23.0s), 214/300 VUs, 0 complete and 0 interrupted iterations
slow   [  23% ] 214/300 VUs  03m23.0s/15m0s  1.05 iters/s

running (03m24.0s), 215/300 VUs, 0 complete and 0 interrupted iterations
slow   [  23% ] 215/300 VUs  03m24.0s/15m0s  1.05 iters/s

running (03m25.0s), 216/300 VUs, 0 complete and 0 interrupted iterations
slow   [  23% ] 216/300 VUs  03m25.0s/15m0s  1.05 iters/s

running (03m26.0s), 217/300 VUs, 0 complete and 0 interrupted iterations
slow   [  23% ] 217/300 VUs  03m26.0s/15m0s  1.05 iters/s

running (03m27.0s), 218/300 VUs, 0 complete and 0 interrupted iterations
slow   [  23% ] 218/300 VUs  03m27.0s/15m0s  1.05 iters/s

running (03m28.0s), 219/300 VUs, 0 complete and 0 interrupted iterations
slow   [  23% ] 219/300 VUs  03m28.0s/15m0s  1.05 iters/s

running (03m29.0s), 220/300 VUs, 0 complete and 0 interrupted iterations
slow   [  23% ] 220/300 VUs  03m29.0s/15m0s  1.05 iters/s

running (03m30.0s), 221/300 VUs, 0 complete and 0 interrupted iterations
slow   [  23% ] 221/300 VUs  03m30.0s/15m0s  1.05 iters/s

running (03m31.0s), 222/300 VUs, 0 complete and 0 interrupted iterations
slow   [  23% ] 222/300 VUs  03m31.0s/15m0s  1.05 iters/s

running (03m32.0s), 223/300 VUs, 0 complete and 0 interrupted iterations
slow   [  24% ] 223/300 VUs  03m32.0s/15m0s  1.05 iters/s

running (03m33.0s), 224/300 VUs, 0 complete and 0 interrupted iterations
slow   [  24% ] 224/300 VUs  03m33.0s/15m0s  1.05 iters/s

running (03m34.0s), 225/300 VUs, 0 complete and 0 interrupted iterations
slow   [  24% ] 225/300 VUs  03m34.0s/15m0s  1.05 iters/s

running (03m35.0s), 226/300 VUs, 0 complete and 0 interrupted iterations
slow   [  24% ] 226/300 VUs  03m35.0s/15m0s  1.05 iters/s

running (03m36.0s), 227/300 VUs, 0 complete and 0 interrupted iterations
slow   [  24% ] 227/300 VUs  03m36.0s/15m0s  1.05 iters/s

running (03m37.0s), 228/300 VUs, 0 complete and 0 interrupted iterations
slow   [  24% ] 228/300 VUs  03m37.0s/15m0s  1.05 iters/s

running (03m38.0s), 229/300 VUs, 0 complete and 0 interrupted iterations
slow   [  24% ] 229/300 VUs  03m38.0s/15m0s  1.05 iters/s

running (03m39.0s), 231/300 VUs, 0 complete and 0 interrupted iterations
slow   [  24% ] 231/300 VUs  03m39.0s/15m0s  1.05 iters/s

running (03m40.0s), 232/300 VUs, 0 complete and 0 interrupted iterations
slow   [  24% ] 232/300 VUs  03m40.0s/15m0s  1.05 iters/s

running (03m41.0s), 233/300 VUs, 0 complete and 0 interrupted iterations
slow   [  25% ] 233/300 VUs  03m41.0s/15m0s  1.05 iters/s

running (03m42.0s), 234/300 VUs, 0 complete and 0 interrupted iterations
slow   [  25% ] 234/300 VUs  03m42.0s/15m0s  1.05 iters/s

running (03m43.0s), 235/300 VUs, 0 complete and 0 interrupted iterations
slow   [  25% ] 235/300 VUs  03m43.0s/15m0s  1.05 iters/s

running (03m44.0s), 236/300 VUs, 0 complete and 0 interrupted iterations
slow   [  25% ] 236/300 VUs  03m44.0s/15m0s  1.05 iters/s

running (03m45.0s), 237/300 VUs, 0 complete and 0 interrupted iterations
slow   [  25% ] 237/300 VUs  03m45.0s/15m0s  1.05 iters/s

running (03m46.0s), 238/300 VUs, 0 complete and 0 interrupted iterations
slow   [  25% ] 238/300 VUs  03m46.0s/15m0s  1.05 iters/s

running (03m47.0s), 239/300 VUs, 0 complete and 0 interrupted iterations
slow   [  25% ] 239/300 VUs  03m47.0s/15m0s  1.05 iters/s

running (03m48.0s), 240/300 VUs, 0 complete and 0 interrupted iterations
slow   [  25% ] 240/300 VUs  03m48.0s/15m0s  1.05 iters/s

running (03m49.0s), 241/300 VUs, 0 complete and 0 interrupted iterations
slow   [  25% ] 241/300 VUs  03m49.0s/15m0s  1.05 iters/s

running (03m50.0s), 242/300 VUs, 0 complete and 0 interrupted iterations
slow   [  26% ] 242/300 VUs  03m50.0s/15m0s  1.05 iters/s

running (03m51.0s), 242/300 VUs, 1 complete and 0 interrupted iterations
slow   [  26% ] 242/300 VUs  03m51.0s/15m0s  1.05 iters/s

running (03m52.0s), 242/300 VUs, 2 complete and 0 interrupted iterations
slow   [  26% ] 242/300 VUs  03m52.0s/15m0s  1.05 iters/s

running (03m53.0s), 242/300 VUs, 3 complete and 0 interrupted iterations
slow   [  26% ] 242/300 VUs  03m53.0s/15m0s  1.05 iters/s

running (03m54.0s), 242/300 VUs, 4 complete and 0 interrupted iterations
slow   [  26% ] 242/300 VUs  03m54.0s/15m0s  1.05 iters/s

running (03m55.0s), 242/300 VUs, 5 complete and 0 interrupted iterations
slow   [  26% ] 242/300 VUs  03m55.0s/15m0s  1.05 iters/s

running (03m56.0s), 242/300 VUs, 6 complete and 0 interrupted iterations
slow   [  26% ] 242/300 VUs  03m56.0s/15m0s  1.05 iters/s

running (03m57.0s), 242/300 VUs, 7 complete and 0 interrupted iterations
slow   [  26% ] 242/300 VUs  03m57.0s/15m0s  1.05 iters/s

running (03m58.0s), 242/300 VUs, 8 complete and 0 interrupted iterations
slow   [  26% ] 242/300 VUs  03m58.0s/15m0s  1.05 iters/s

running (03m59.0s), 243/300 VUs, 9 complete and 0 interrupted iterations
slow   [  27% ] 243/300 VUs  03m59.0s/15m0s  1.05 iters/s

running (04m00.0s), 243/300 VUs, 10 complete and 0 interrupted iterations
slow   [  27% ] 243/300 VUs  04m00.0s/15m0s  1.05 iters/s

running (04m01.0s), 243/300 VUs, 11 complete and 0 interrupted iterations
slow   [  27% ] 243/300 VUs  04m01.0s/15m0s  1.05 iters/s

running (04m02.0s), 243/300 VUs, 12 complete and 0 interrupted iterations
slow   [  27% ] 243/300 VUs  04m02.0s/15m0s  1.05 iters/s

running (04m03.0s), 243/300 VUs, 13 complete and 0 interrupted iterations
slow   [  27% ] 243/300 VUs  04m03.0s/15m0s  1.05 iters/s

running (04m04.0s), 243/300 VUs, 14 complete and 0 interrupted iterations
slow   [  27% ] 243/300 VUs  04m04.0s/15m0s  1.05 iters/s

running (04m05.0s), 242/300 VUs, 16 complete and 0 interrupted iterations
slow   [  27% ] 242/300 VUs  04m05.0s/15m0s  1.05 iters/s

running (04m06.0s), 242/300 VUs, 17 complete and 0 interrupted iterations
slow   [  27% ] 242/300 VUs  04m06.0s/15m0s  1.05 iters/s

running (04m07.0s), 242/300 VUs, 18 complete and 0 interrupted iterations
slow   [  27% ] 242/300 VUs  04m07.0s/15m0s  1.05 iters/s

running (04m08.0s), 242/300 VUs, 19 complete and 0 interrupted iterations
slow   [  28% ] 242/300 VUs  04m08.0s/15m0s  1.05 iters/s

running (04m09.0s), 242/300 VUs, 20 complete and 0 interrupted iterations
slow   [  28% ] 242/300 VUs  04m09.0s/15m0s  1.05 iters/s

running (04m10.0s), 242/300 VUs, 21 complete and 0 interrupted iterations
slow   [  28% ] 242/300 VUs  04m10.0s/15m0s  1.05 iters/s

running (04m11.0s), 242/300 VUs, 22 complete and 0 interrupted iterations
slow   [  28% ] 242/300 VUs  04m11.0s/15m0s  1.05 iters/s

running (04m12.0s), 242/300 VUs, 23 complete and 0 interrupted iterations
slow   [  28% ] 242/300 VUs  04m12.0s/15m0s  1.05 iters/s

running (04m13.0s), 242/300 VUs, 24 complete and 0 interrupted iterations
slow   [  28% ] 242/300 VUs  04m13.0s/15m0s  1.05 iters/s

running (04m14.0s), 242/300 VUs, 25 complete and 0 interrupted iterations
slow   [  28% ] 242/300 VUs  04m14.0s/15m0s  1.05 iters/s

running (04m15.0s), 242/300 VUs, 26 complete and 0 interrupted iterations
slow   [  28% ] 242/300 VUs  04m15.0s/15m0s  1.05 iters/s

running (04m16.0s), 242/300 VUs, 27 complete and 0 interrupted iterations
slow   [  28% ] 242/300 VUs  04m16.0s/15m0s  1.05 iters/s

running (04m17.0s), 242/300 VUs, 28 complete and 0 interrupted iterations
slow   [  29% ] 242/300 VUs  04m17.0s/15m0s  1.05 iters/s

running (04m18.0s), 242/300 VUs, 29 complete and 0 interrupted iterations
slow   [  29% ] 242/300 VUs  04m18.0s/15m0s  1.05 iters/s

running (04m19.0s), 243/300 VUs, 30 complete and 0 interrupted iterations
slow   [  29% ] 243/300 VUs  04m19.0s/15m0s  1.05 iters/s

running (04m20.0s), 243/300 VUs, 31 complete and 0 interrupted iterations
slow   [  29% ] 243/300 VUs  04m20.0s/15m0s  1.05 iters/s

running (04m21.0s), 243/300 VUs, 32 complete and 0 interrupted iterations
slow   [  29% ] 243/300 VUs  04m21.0s/15m0s  1.05 iters/s

running (04m22.0s), 243/300 VUs, 33 complete and 0 interrupted iterations
slow   [  29% ] 243/300 VUs  04m22.0s/15m0s  1.05 iters/s

running (04m23.0s), 243/300 VUs, 34 complete and 0 interrupted iterations
slow   [  29% ] 243/300 VUs  04m23.0s/15m0s  1.05 iters/s

running (04m24.0s), 243/300 VUs, 35 complete and 0 interrupted iterations
slow   [  29% ] 243/300 VUs  04m24.0s/15m0s  1.05 iters/s

running (04m25.0s), 242/300 VUs, 37 complete and 0 interrupted iterations
slow   [  29% ] 242/300 VUs  04m25.0s/15m0s  1.05 iters/s

running (04m26.0s), 242/300 VUs, 38 complete and 0 interrupted iterations
slow   [  30% ] 242/300 VUs  04m26.0s/15m0s  1.05 iters/s

running (04m27.0s), 242/300 VUs, 39 complete and 0 interrupted iterations
slow   [  30% ] 242/300 VUs  04m27.0s/15m0s  1.05 iters/s

running (04m28.0s), 242/300 VUs, 40 complete and 0 interrupted iterations
slow   [  30% ] 242/300 VUs  04m28.0s/15m0s  1.05 iters/s

running (04m29.0s), 242/300 VUs, 41 complete and 0 interrupted iterations
slow   [  30% ] 242/300 VUs  04m29.0s/15m0s  1.05 iters/s

running (04m30.0s), 242/300 VUs, 42 complete and 0 interrupted iterations
slow   [  30% ] 242/300 VUs  04m30.0s/15m0s  1.05 iters/s

running (04m31.0s), 242/300 VUs, 43 complete and 0 interrupted iterations
slow   [  30% ] 242/300 VUs  04m31.0s/15m0s  1.05 iters/s

running (04m32.0s), 242/300 VUs, 44 complete and 0 interrupted iterations
slow   [  30% ] 242/300 VUs  04m32.0s/15m0s  1.05 iters/s

running (04m33.0s), 242/300 VUs, 45 complete and 0 interrupted iterations
slow   [  30% ] 242/300 VUs  04m33.0s/15m0s  1.05 iters/s

running (04m34.0s), 242/300 VUs, 46 complete and 0 interrupted iterations
slow   [  30% ] 242/300 VUs  04m34.0s/15m0s  1.05 iters/s

running (04m35.0s), 242/300 VUs, 47 complete and 0 interrupted iterations
slow   [  31% ] 242/300 VUs  04m35.0s/15m0s  1.05 iters/s

running (04m36.0s), 242/300 VUs, 48 complete and 0 interrupted iterations
slow   [  31% ] 242/300 VUs  04m36.0s/15m0s  1.05 iters/s

running (04m37.0s), 242/300 VUs, 49 complete and 0 interrupted iterations
slow   [  31% ] 242/300 VUs  04m37.0s/15m0s  1.05 iters/s

running (04m38.0s), 242/300 VUs, 50 complete and 0 interrupted iterations
slow   [  31% ] 242/300 VUs  04m38.0s/15m0s  1.05 iters/s

running (04m39.0s), 243/300 VUs, 51 complete and 0 interrupted iterations
slow   [  31% ] 243/300 VUs  04m39.0s/15m0s  1.05 iters/s

running (04m40.0s), 243/300 VUs, 52 complete and 0 interrupted iterations
slow   [  31% ] 243/300 VUs  04m40.0s/15m0s  1.05 iters/s

running (04m41.0s), 243/300 VUs, 53 complete and 0 interrupted iterations
slow   [  31% ] 243/300 VUs  04m41.0s/15m0s  1.05 iters/s

running (04m42.0s), 243/300 VUs, 54 complete and 0 interrupted iterations
slow   [  31% ] 243/300 VUs  04m42.0s/15m0s  1.05 iters/s

running (04m43.0s), 242/300 VUs, 56 complete and 0 interrupted iterations
slow   [  31% ] 242/300 VUs  04m43.0s/15m0s  1.05 iters/s

running (04m44.0s), 242/300 VUs, 57 complete and 0 interrupted iterations
slow   [  32% ] 242/300 VUs  04m44.0s/15m0s  1.05 iters/s

running (04m45.0s), 242/300 VUs, 58 complete and 0 interrupted iterations
slow   [  32% ] 242/300 VUs  04m45.0s/15m0s  1.05 iters/s

running (04m46.0s), 242/300 VUs, 59 complete and 0 interrupted iterations
slow   [  32% ] 242/300 VUs  04m46.0s/15m0s  1.05 iters/s

running (04m47.0s), 242/300 VUs, 60 complete and 0 interrupted iterations
slow   [  32% ] 242/300 VUs  04m47.0s/15m0s  1.05 iters/s

running (04m48.0s), 242/300 VUs, 61 complete and 0 interrupted iterations
slow   [  32% ] 242/300 VUs  04m48.0s/15m0s  1.05 iters/s

running (04m49.0s), 242/300 VUs, 62 complete and 0 interrupted iterations
slow   [  32% ] 242/300 VUs  04m49.0s/15m0s  1.05 iters/s

running (04m50.0s), 242/300 VUs, 63 complete and 0 interrupted iterations
slow   [  32% ] 242/300 VUs  04m50.0s/15m0s  1.05 iters/s

running (04m51.0s), 242/300 VUs, 64 complete and 0 interrupted iterations
slow   [  32% ] 242/300 VUs  04m51.0s/15m0s  1.05 iters/s

running (04m52.0s), 242/300 VUs, 65 complete and 0 interrupted iterations
slow   [  32% ] 242/300 VUs  04m52.0s/15m0s  1.05 iters/s

running (04m53.0s), 242/300 VUs, 66 complete and 0 interrupted iterations
slow   [  33% ] 242/300 VUs  04m53.0s/15m0s  1.05 iters/s

running (04m54.0s), 242/300 VUs, 67 complete and 0 interrupted iterations
slow   [  33% ] 242/300 VUs  04m54.0s/15m0s  1.05 iters/s

running (04m55.0s), 242/300 VUs, 68 complete and 0 interrupted iterations
slow   [  33% ] 242/300 VUs  04m55.0s/15m0s  1.05 iters/s

running (04m56.0s), 242/300 VUs, 69 complete and 0 interrupted iterations
slow   [  33% ] 242/300 VUs  04m56.0s/15m0s  1.05 iters/s

running (04m57.0s), 242/300 VUs, 70 complete and 0 interrupted iterations
slow   [  33% ] 242/300 VUs  04m57.0s/15m0s  1.05 iters/s

running (04m58.0s), 243/300 VUs, 71 complete and 0 interrupted iterations
slow   [  33% ] 243/300 VUs  04m58.0s/15m0s  1.05 iters/s

running (04m59.0s), 243/300 VUs, 72 complete and 0 interrupted iterations
slow   [  33% ] 243/300 VUs  04m59.0s/15m0s  1.05 iters/s

running (05m00.0s), 243/300 VUs, 73 complete and 0 interrupted iterations
slow   [  33% ] 243/300 VUs  05m00.0s/15m0s  1.05 iters/s

running (05m01.0s), 243/300 VUs, 74 complete and 0 interrupted iterations
slow   [  33% ] 243/300 VUs  05m01.0s/15m0s  1.05 iters/s

running (05m02.0s), 243/300 VUs, 75 complete and 0 interrupted iterations
slow   [  34% ] 243/300 VUs  05m02.0s/15m0s  1.05 iters/s

running (05m03.0s), 242/300 VUs, 77 complete and 0 interrupted iterations
slow   [  34% ] 242/300 VUs  05m03.0s/15m0s  1.05 iters/s

running (05m04.0s), 243/300 VUs, 77 complete and 0 interrupted iterations
slow   [  34% ] 243/300 VUs  05m04.0s/15m0s  1.05 iters/s

running (05m05.0s), 242/300 VUs, 79 complete and 0 interrupted iterations
slow   [  34% ] 242/300 VUs  05m05.0s/15m0s  1.05 iters/s

running (05m06.0s), 242/300 VUs, 80 complete and 0 interrupted iterations
slow   [  34% ] 242/300 VUs  05m06.0s/15m0s  1.05 iters/s

running (05m07.0s), 242/300 VUs, 81 complete and 0 interrupted iterations
slow   [  34% ] 242/300 VUs  05m07.0s/15m0s  1.05 iters/s

running (05m08.0s), 242/300 VUs, 82 complete and 0 interrupted iterations
slow   [  34% ] 242/300 VUs  05m08.0s/15m0s  1.05 iters/s

running (05m09.0s), 242/300 VUs, 83 complete and 0 interrupted iterations
slow   [  34% ] 242/300 VUs  05m09.0s/15m0s  1.05 iters/s

running (05m10.0s), 242/300 VUs, 84 complete and 0 interrupted iterations
slow   [  34% ] 242/300 VUs  05m10.0s/15m0s  1.05 iters/s

running (05m11.0s), 242/300 VUs, 85 complete and 0 interrupted iterations
slow   [  35% ] 242/300 VUs  05m11.0s/15m0s  1.05 iters/s

running (05m12.0s), 242/300 VUs, 86 complete and 0 interrupted iterations
slow   [  35% ] 242/300 VUs  05m12.0s/15m0s  1.05 iters/s

running (05m13.0s), 242/300 VUs, 87 complete and 0 interrupted iterations
slow   [  35% ] 242/300 VUs  05m13.0s/15m0s  1.05 iters/s

running (05m14.0s), 242/300 VUs, 88 complete and 0 interrupted iterations
slow   [  35% ] 242/300 VUs  05m14.0s/15m0s  1.05 iters/s

running (05m15.0s), 242/300 VUs, 89 complete and 0 interrupted iterations
slow   [  35% ] 242/300 VUs  05m15.0s/15m0s  1.05 iters/s

running (05m16.0s), 242/300 VUs, 90 complete and 0 interrupted iterations
slow   [  35% ] 242/300 VUs  05m16.0s/15m0s  1.05 iters/s

running (05m17.0s), 242/300 VUs, 91 complete and 0 interrupted iterations
slow   [  35% ] 242/300 VUs  05m17.0s/15m0s  1.05 iters/s

running (05m18.0s), 243/300 VUs, 92 complete and 0 interrupted iterations
slow   [  35% ] 243/300 VUs  05m18.0s/15m0s  1.05 iters/s

running (05m19.0s), 243/300 VUs, 93 complete and 0 interrupted iterations
slow   [  35% ] 243/300 VUs  05m19.0s/15m0s  1.05 iters/s

running (05m20.0s), 243/300 VUs, 94 complete and 0 interrupted iterations
slow   [  36% ] 243/300 VUs  05m20.0s/15m0s  1.05 iters/s

running (05m21.0s), 243/300 VUs, 95 complete and 0 interrupted iterations
slow   [  36% ] 243/300 VUs  05m21.0s/15m0s  1.05 iters/s

running (05m22.0s), 243/300 VUs, 96 complete and 0 interrupted iterations
slow   [  36% ] 243/300 VUs  05m22.0s/15m0s  1.05 iters/s

running (05m23.0s), 242/300 VUs, 98 complete and 0 interrupted iterations
slow   [  36% ] 242/300 VUs  05m23.0s/15m0s  1.05 iters/s

running (05m24.0s), 242/300 VUs, 99 complete and 0 interrupted iterations
slow   [  36% ] 242/300 VUs  05m24.0s/15m0s  1.05 iters/s

running (05m25.0s), 242/300 VUs, 100 complete and 0 interrupted iterations
slow   [  36% ] 242/300 VUs  05m25.0s/15m0s  1.05 iters/s

running (05m26.0s), 242/300 VUs, 101 complete and 0 interrupted iterations
slow   [  36% ] 242/300 VUs  05m26.0s/15m0s  1.05 iters/s

running (05m27.0s), 242/300 VUs, 102 complete and 0 interrupted iterations
slow   [  36% ] 242/300 VUs  05m27.0s/15m0s  1.05 iters/s

running (05m28.0s), 242/300 VUs, 103 complete and 0 interrupted iterations
slow   [  36% ] 242/300 VUs  05m28.0s/15m0s  1.05 iters/s

running (05m29.0s), 242/300 VUs, 104 complete and 0 interrupted iterations
slow   [  37% ] 242/300 VUs  05m29.0s/15m0s  1.05 iters/s

running (05m30.0s), 242/300 VUs, 105 complete and 0 interrupted iterations
slow   [  37% ] 242/300 VUs  05m30.0s/15m0s  1.05 iters/s

running (05m31.0s), 242/300 VUs, 106 complete and 0 interrupted iterations
slow   [  37% ] 242/300 VUs  05m31.0s/15m0s  1.05 iters/s

running (05m32.0s), 242/300 VUs, 107 complete and 0 interrupted iterations
slow   [  37% ] 242/300 VUs  05m32.0s/15m0s  1.05 iters/s

running (05m33.0s), 242/300 VUs, 108 complete and 0 interrupted iterations
slow   [  37% ] 242/300 VUs  05m33.0s/15m0s  1.05 iters/s

running (05m34.0s), 242/300 VUs, 109 complete and 0 interrupted iterations
slow   [  37% ] 242/300 VUs  05m34.0s/15m0s  1.05 iters/s

running (05m35.0s), 242/300 VUs, 110 complete and 0 interrupted iterations
slow   [  37% ] 242/300 VUs  05m35.0s/15m0s  1.05 iters/s

running (05m36.0s), 242/300 VUs, 111 complete and 0 interrupted iterations
slow   [  37% ] 242/300 VUs  05m36.0s/15m0s  1.05 iters/s

running (05m37.0s), 242/300 VUs, 112 complete and 0 interrupted iterations
slow   [  37% ] 242/300 VUs  05m37.0s/15m0s  1.05 iters/s

running (05m38.0s), 243/300 VUs, 113 complete and 0 interrupted iterations
slow   [  38% ] 243/300 VUs  05m38.0s/15m0s  1.05 iters/s

running (05m39.0s), 243/300 VUs, 114 complete and 0 interrupted iterations
slow   [  38% ] 243/300 VUs  05m39.0s/15m0s  1.05 iters/s

running (05m40.0s), 243/300 VUs, 115 complete and 0 interrupted iterations
slow   [  38% ] 243/300 VUs  05m40.0s/15m0s  1.05 iters/s

running (05m41.0s), 243/300 VUs, 116 complete and 0 interrupted iterations
slow   [  38% ] 243/300 VUs  05m41.0s/15m0s  1.05 iters/s

running (05m42.0s), 243/300 VUs, 117 complete and 0 interrupted iterations
slow   [  38% ] 243/300 VUs  05m42.0s/15m0s  1.05 iters/s

running (05m43.0s), 243/300 VUs, 118 complete and 0 interrupted iterations
slow   [  38% ] 243/300 VUs  05m43.0s/15m0s  1.05 iters/s

running (05m44.0s), 242/300 VUs, 120 complete and 0 interrupted iterations
slow   [  38% ] 242/300 VUs  05m44.0s/15m0s  1.05 iters/s

running (05m45.0s), 242/300 VUs, 121 complete and 0 interrupted iterations
slow   [  38% ] 242/300 VUs  05m45.0s/15m0s  1.05 iters/s

running (05m46.0s), 242/300 VUs, 122 complete and 0 interrupted iterations
slow   [  38% ] 242/300 VUs  05m46.0s/15m0s  1.05 iters/s

running (05m47.0s), 242/300 VUs, 123 complete and 0 interrupted iterations
slow   [  39% ] 242/300 VUs  05m47.0s/15m0s  1.05 iters/s

running (05m48.0s), 242/300 VUs, 124 complete and 0 interrupted iterations
slow   [  39% ] 242/300 VUs  05m48.0s/15m0s  1.05 iters/s

running (05m49.0s), 242/300 VUs, 125 complete and 0 interrupted iterations
slow   [  39% ] 242/300 VUs  05m49.0s/15m0s  1.05 iters/s

running (05m50.0s), 242/300 VUs, 126 complete and 0 interrupted iterations
slow   [  39% ] 242/300 VUs  05m50.0s/15m0s  1.05 iters/s

running (05m51.0s), 242/300 VUs, 127 complete and 0 interrupted iterations
slow   [  39% ] 242/300 VUs  05m51.0s/15m0s  1.05 iters/s

running (05m52.0s), 242/300 VUs, 128 complete and 0 interrupted iterations
slow   [  39% ] 242/300 VUs  05m52.0s/15m0s  1.05 iters/s

running (05m53.0s), 242/300 VUs, 129 complete and 0 interrupted iterations
slow   [  39% ] 242/300 VUs  05m53.0s/15m0s  1.05 iters/s

running (05m54.0s), 242/300 VUs, 130 complete and 0 interrupted iterations
slow   [  39% ] 242/300 VUs  05m54.0s/15m0s  1.05 iters/s

running (05m55.0s), 242/300 VUs, 131 complete and 0 interrupted iterations
slow   [  39% ] 242/300 VUs  05m55.0s/15m0s  1.05 iters/s

running (05m56.0s), 242/300 VUs, 132 complete and 0 interrupted iterations
slow   [  40% ] 242/300 VUs  05m56.0s/15m0s  1.05 iters/s

running (05m57.0s), 242/300 VUs, 133 complete and 0 interrupted iterations
slow   [  40% ] 242/300 VUs  05m57.0s/15m0s  1.05 iters/s

running (05m58.0s), 243/300 VUs, 134 complete and 0 interrupted iterations
slow   [  40% ] 243/300 VUs  05m58.0s/15m0s  1.05 iters/s

running (05m59.0s), 243/300 VUs, 135 complete and 0 interrupted iterations
slow   [  40% ] 243/300 VUs  05m59.0s/15m0s  1.05 iters/s

running (06m00.0s), 243/300 VUs, 136 complete and 0 interrupted iterations
slow   [  40% ] 243/300 VUs  06m00.0s/15m0s  1.05 iters/s

running (06m01.0s), 243/300 VUs, 137 complete and 0 interrupted iterations
slow   [  40% ] 243/300 VUs  06m01.0s/15m0s  1.05 iters/s

running (06m02.0s), 243/300 VUs, 138 complete and 0 interrupted iterations
slow   [  40% ] 243/300 VUs  06m02.0s/15m0s  1.05 iters/s

running (06m03.0s), 242/300 VUs, 140 complete and 0 interrupted iterations
slow   [  40% ] 242/300 VUs  06m03.0s/15m0s  1.05 iters/s

running (06m04.0s), 243/300 VUs, 140 complete and 0 interrupted iterations
slow   [  40% ] 243/300 VUs  06m04.0s/15m0s  1.05 iters/s

running (06m05.0s), 242/300 VUs, 142 complete and 0 interrupted iterations
slow   [  41% ] 242/300 VUs  06m05.0s/15m0s  1.05 iters/s

running (06m06.0s), 242/300 VUs, 143 complete and 0 interrupted iterations
slow   [  41% ] 242/300 VUs  06m06.0s/15m0s  1.05 iters/s

running (06m07.0s), 242/300 VUs, 144 complete and 0 interrupted iterations
slow   [  41% ] 242/300 VUs  06m07.0s/15m0s  1.05 iters/s

running (06m08.0s), 242/300 VUs, 145 complete and 0 interrupted iterations
slow   [  41% ] 242/300 VUs  06m08.0s/15m0s  1.05 iters/s

running (06m09.0s), 242/300 VUs, 146 complete and 0 interrupted iterations
slow   [  41% ] 242/300 VUs  06m09.0s/15m0s  1.05 iters/s

running (06m10.0s), 242/300 VUs, 147 complete and 0 interrupted iterations
slow   [  41% ] 242/300 VUs  06m10.0s/15m0s  1.05 iters/s

running (06m11.0s), 242/300 VUs, 148 complete and 0 interrupted iterations
slow   [  41% ] 242/300 VUs  06m11.0s/15m0s  1.05 iters/s

running (06m12.0s), 242/300 VUs, 149 complete and 0 interrupted iterations
slow   [  41% ] 242/300 VUs  06m12.0s/15m0s  1.05 iters/s

running (06m13.0s), 242/300 VUs, 150 complete and 0 interrupted iterations
slow   [  41% ] 242/300 VUs  06m13.0s/15m0s  1.05 iters/s

running (06m14.0s), 242/300 VUs, 151 complete and 0 interrupted iterations
slow   [  42% ] 242/300 VUs  06m14.0s/15m0s  1.05 iters/s

running (06m15.0s), 242/300 VUs, 152 complete and 0 interrupted iterations
slow   [  42% ] 242/300 VUs  06m15.0s/15m0s  1.05 iters/s

running (06m16.0s), 242/300 VUs, 153 complete and 0 interrupted iterations
slow   [  42% ] 242/300 VUs  06m16.0s/15m0s  1.05 iters/s

running (06m17.0s), 242/300 VUs, 154 complete and 0 interrupted iterations
slow   [  42% ] 242/300 VUs  06m17.0s/15m0s  1.05 iters/s

running (06m18.0s), 243/300 VUs, 155 complete and 0 interrupted iterations
slow   [  42% ] 243/300 VUs  06m18.0s/15m0s  1.05 iters/s

running (06m19.0s), 243/300 VUs, 156 complete and 0 interrupted iterations
slow   [  42% ] 243/300 VUs  06m19.0s/15m0s  1.05 iters/s

running (06m20.0s), 243/300 VUs, 157 complete and 0 interrupted iterations
slow   [  42% ] 243/300 VUs  06m20.0s/15m0s  1.05 iters/s

running (06m21.0s), 243/300 VUs, 158 complete and 0 interrupted iterations
slow   [  42% ] 243/300 VUs  06m21.0s/15m0s  1.05 iters/s

running (06m22.0s), 243/300 VUs, 159 complete and 0 interrupted iterations
slow   [  42% ] 243/300 VUs  06m22.0s/15m0s  1.05 iters/s

running (06m23.0s), 242/300 VUs, 161 complete and 0 interrupted iterations
slow   [  43% ] 242/300 VUs  06m23.0s/15m0s  1.05 iters/s

running (06m24.0s), 242/300 VUs, 162 complete and 0 interrupted iterations
slow   [  43% ] 242/300 VUs  06m24.0s/15m0s  1.05 iters/s

running (06m25.0s), 242/300 VUs, 163 complete and 0 interrupted iterations
slow   [  43% ] 242/300 VUs  06m25.0s/15m0s  1.05 iters/s

running (06m26.0s), 242/300 VUs, 164 complete and 0 interrupted iterations
slow   [  43% ] 242/300 VUs  06m26.0s/15m0s  1.05 iters/s

running (06m27.0s), 242/300 VUs, 165 complete and 0 interrupted iterations
slow   [  43% ] 242/300 VUs  06m27.0s/15m0s  1.05 iters/s

running (06m28.0s), 242/300 VUs, 166 complete and 0 interrupted iterations
slow   [  43% ] 242/300 VUs  06m28.0s/15m0s  1.05 iters/s

running (06m29.0s), 242/300 VUs, 167 complete and 0 interrupted iterations
slow   [  43% ] 242/300 VUs  06m29.0s/15m0s  1.05 iters/s

running (06m30.0s), 242/300 VUs, 168 complete and 0 interrupted iterations
slow   [  43% ] 242/300 VUs  06m30.0s/15m0s  1.05 iters/s

running (06m31.0s), 242/300 VUs, 169 complete and 0 interrupted iterations
slow   [  43% ] 242/300 VUs  06m31.0s/15m0s  1.05 iters/s

running (06m32.0s), 242/300 VUs, 170 complete and 0 interrupted iterations
slow   [  44% ] 242/300 VUs  06m32.0s/15m0s  1.05 iters/s

running (06m33.0s), 242/300 VUs, 171 complete and 0 interrupted iterations
slow   [  44% ] 242/300 VUs  06m33.0s/15m0s  1.05 iters/s

running (06m34.0s), 242/300 VUs, 172 complete and 0 interrupted iterations
slow   [  44% ] 242/300 VUs  06m34.0s/15m0s  1.05 iters/s

running (06m35.0s), 242/300 VUs, 173 complete and 0 interrupted iterations
slow   [  44% ] 242/300 VUs  06m35.0s/15m0s  1.05 iters/s

running (06m36.0s), 242/300 VUs, 174 complete and 0 interrupted iterations
slow   [  44% ] 242/300 VUs  06m36.0s/15m0s  1.05 iters/s

running (06m37.0s), 242/300 VUs, 175 complete and 0 interrupted iterations
slow   [  44% ] 242/300 VUs  06m37.0s/15m0s  1.05 iters/s

running (06m38.0s), 243/300 VUs, 176 complete and 0 interrupted iterations
slow   [  44% ] 243/300 VUs  06m38.0s/15m0s  1.05 iters/s

running (06m39.0s), 243/300 VUs, 177 complete and 0 interrupted iterations
slow   [  44% ] 243/300 VUs  06m39.0s/15m0s  1.05 iters/s

running (06m40.0s), 243/300 VUs, 178 complete and 0 interrupted iterations
slow   [  44% ] 243/300 VUs  06m40.0s/15m0s  1.05 iters/s

running (06m41.0s), 243/300 VUs, 179 complete and 0 interrupted iterations
slow   [  45% ] 243/300 VUs  06m41.0s/15m0s  1.05 iters/s

running (06m42.0s), 242/300 VUs, 181 complete and 0 interrupted iterations
slow   [  45% ] 242/300 VUs  06m42.0s/15m0s  1.05 iters/s

running (06m43.0s), 242/300 VUs, 182 complete and 0 interrupted iterations
slow   [  45% ] 242/300 VUs  06m43.0s/15m0s  1.05 iters/s

running (06m44.0s), 242/300 VUs, 183 complete and 0 interrupted iterations
slow   [  45% ] 242/300 VUs  06m44.0s/15m0s  1.05 iters/s

running (06m45.0s), 242/300 VUs, 184 complete and 0 interrupted iterations
slow   [  45% ] 242/300 VUs  06m45.0s/15m0s  1.05 iters/s

running (06m46.0s), 242/300 VUs, 185 complete and 0 interrupted iterations
slow   [  45% ] 242/300 VUs  06m46.0s/15m0s  1.05 iters/s

running (06m47.0s), 242/300 VUs, 186 complete and 0 interrupted iterations
slow   [  45% ] 242/300 VUs  06m47.0s/15m0s  1.05 iters/s

running (06m48.0s), 242/300 VUs, 187 complete and 0 interrupted iterations
slow   [  45% ] 242/300 VUs  06m48.0s/15m0s  1.05 iters/s

running (06m49.0s), 242/300 VUs, 188 complete and 0 interrupted iterations
slow   [  45% ] 242/300 VUs  06m49.0s/15m0s  1.05 iters/s

running (06m50.0s), 242/300 VUs, 189 complete and 0 interrupted iterations
slow   [  46% ] 242/300 VUs  06m50.0s/15m0s  1.05 iters/s

running (06m51.0s), 242/300 VUs, 190 complete and 0 interrupted iterations
slow   [  46% ] 242/300 VUs  06m51.0s/15m0s  1.05 iters/s

running (06m52.0s), 242/300 VUs, 191 complete and 0 interrupted iterations
slow   [  46% ] 242/300 VUs  06m52.0s/15m0s  1.05 iters/s

running (06m53.0s), 242/300 VUs, 192 complete and 0 interrupted iterations
slow   [  46% ] 242/300 VUs  06m53.0s/15m0s  1.05 iters/s

running (06m54.0s), 242/300 VUs, 193 complete and 0 interrupted iterations
slow   [  46% ] 242/300 VUs  06m54.0s/15m0s  1.05 iters/s

running (06m55.0s), 242/300 VUs, 194 complete and 0 interrupted iterations
slow   [  46% ] 242/300 VUs  06m55.0s/15m0s  1.05 iters/s

running (06m56.0s), 242/300 VUs, 195 complete and 0 interrupted iterations
slow   [  46% ] 242/300 VUs  06m56.0s/15m0s  1.05 iters/s

running (06m57.0s), 242/300 VUs, 196 complete and 0 interrupted iterations
slow   [  46% ] 242/300 VUs  06m57.0s/15m0s  1.05 iters/s

running (06m58.0s), 243/300 VUs, 197 complete and 0 interrupted iterations
slow   [  46% ] 243/300 VUs  06m58.0s/15m0s  1.05 iters/s

running (06m59.0s), 243/300 VUs, 198 complete and 0 interrupted iterations
slow   [  47% ] 243/300 VUs  06m59.0s/15m0s  1.05 iters/s

running (07m00.0s), 243/300 VUs, 199 complete and 0 interrupted iterations
slow   [  47% ] 243/300 VUs  07m00.0s/15m0s  1.05 iters/s

running (07m01.0s), 243/300 VUs, 200 complete and 0 interrupted iterations
slow   [  47% ] 243/300 VUs  07m01.0s/15m0s  1.05 iters/s

running (07m02.0s), 242/300 VUs, 202 complete and 0 interrupted iterations
slow   [  47% ] 242/300 VUs  07m02.0s/15m0s  1.05 iters/s

running (07m03.0s), 242/300 VUs, 203 complete and 0 interrupted iterations
slow   [  47% ] 242/300 VUs  07m03.0s/15m0s  1.05 iters/s

running (07m04.0s), 242/300 VUs, 204 complete and 0 interrupted iterations
slow   [  47% ] 242/300 VUs  07m04.0s/15m0s  1.05 iters/s

running (07m05.0s), 242/300 VUs, 205 complete and 0 interrupted iterations
slow   [  47% ] 242/300 VUs  07m05.0s/15m0s  1.05 iters/s

running (07m06.0s), 242/300 VUs, 206 complete and 0 interrupted iterations
slow   [  47% ] 242/300 VUs  07m06.0s/15m0s  1.05 iters/s

running (07m07.0s), 242/300 VUs, 207 complete and 0 interrupted iterations
slow   [  47% ] 242/300 VUs  07m07.0s/15m0s  1.05 iters/s

running (07m08.0s), 242/300 VUs, 208 complete and 0 interrupted iterations
slow   [  48% ] 242/300 VUs  07m08.0s/15m0s  1.05 iters/s

running (07m09.0s), 242/300 VUs, 209 complete and 0 interrupted iterations
slow   [  48% ] 242/300 VUs  07m09.0s/15m0s  1.05 iters/s

running (07m10.0s), 242/300 VUs, 210 complete and 0 interrupted iterations
slow   [  48% ] 242/300 VUs  07m10.0s/15m0s  1.05 iters/s

running (07m11.0s), 242/300 VUs, 211 complete and 0 interrupted iterations
slow   [  48% ] 242/300 VUs  07m11.0s/15m0s  1.05 iters/s

running (07m12.0s), 242/300 VUs, 212 complete and 0 interrupted iterations
slow   [  48% ] 242/300 VUs  07m12.0s/15m0s  1.05 iters/s

running (07m13.0s), 242/300 VUs, 213 complete and 0 interrupted iterations
slow   [  48% ] 242/300 VUs  07m13.0s/15m0s  1.05 iters/s

running (07m14.0s), 242/300 VUs, 214 complete and 0 interrupted iterations
slow   [  48% ] 242/300 VUs  07m14.0s/15m0s  1.05 iters/s

running (07m15.0s), 242/300 VUs, 215 complete and 0 interrupted iterations
slow   [  48% ] 242/300 VUs  07m15.0s/15m0s  1.05 iters/s

running (07m16.0s), 242/300 VUs, 216 complete and 0 interrupted iterations
slow   [  48% ] 242/300 VUs  07m16.0s/15m0s  1.05 iters/s

running (07m17.0s), 243/300 VUs, 217 complete and 0 interrupted iterations
slow   [  49% ] 243/300 VUs  07m17.0s/15m0s  1.05 iters/s

running (07m18.0s), 243/300 VUs, 218 complete and 0 interrupted iterations
slow   [  49% ] 243/300 VUs  07m18.0s/15m0s  1.05 iters/s

running (07m19.0s), 243/300 VUs, 219 complete and 0 interrupted iterations
slow   [  49% ] 243/300 VUs  07m19.0s/15m0s  1.05 iters/s

running (07m20.0s), 243/300 VUs, 220 complete and 0 interrupted iterations
slow   [  49% ] 243/300 VUs  07m20.0s/15m0s  1.05 iters/s

running (07m21.0s), 243/300 VUs, 221 complete and 0 interrupted iterations
slow   [  49% ] 243/300 VUs  07m21.0s/15m0s  1.05 iters/s

running (07m22.0s), 242/300 VUs, 223 complete and 0 interrupted iterations
slow   [  49% ] 242/300 VUs  07m22.0s/15m0s  1.05 iters/s

running (07m23.0s), 242/300 VUs, 224 complete and 0 interrupted iterations
slow   [  49% ] 242/300 VUs  07m23.0s/15m0s  1.05 iters/s

running (07m24.0s), 242/300 VUs, 225 complete and 0 interrupted iterations
slow   [  49% ] 242/300 VUs  07m24.0s/15m0s  1.05 iters/s

running (07m25.0s), 242/300 VUs, 226 complete and 0 interrupted iterations
slow   [  49% ] 242/300 VUs  07m25.0s/15m0s  1.05 iters/s

running (07m26.0s), 242/300 VUs, 227 complete and 0 interrupted iterations
slow   [  50% ] 242/300 VUs  07m26.0s/15m0s  1.05 iters/s

running (07m27.0s), 242/300 VUs, 228 complete and 0 interrupted iterations
slow   [  50% ] 242/300 VUs  07m27.0s/15m0s  1.05 iters/s

running (07m28.0s), 242/300 VUs, 229 complete and 0 interrupted iterations
slow   [  50% ] 242/300 VUs  07m28.0s/15m0s  1.05 iters/s

running (07m29.0s), 242/300 VUs, 230 complete and 0 interrupted iterations
slow   [  50% ] 242/300 VUs  07m29.0s/15m0s  1.05 iters/s

running (07m30.0s), 242/300 VUs, 231 complete and 0 interrupted iterations
slow   [  50% ] 242/300 VUs  07m30.0s/15m0s  1.05 iters/s

running (07m31.0s), 242/300 VUs, 232 complete and 0 interrupted iterations
slow   [  50% ] 242/300 VUs  07m31.0s/15m0s  1.05 iters/s

running (07m32.0s), 242/300 VUs, 233 complete and 0 interrupted iterations
slow   [  50% ] 242/300 VUs  07m32.0s/15m0s  1.05 iters/s

running (07m33.0s), 242/300 VUs, 234 complete and 0 interrupted iterations
slow   [  50% ] 242/300 VUs  07m33.0s/15m0s  1.05 iters/s

running (07m34.0s), 242/300 VUs, 235 complete and 0 interrupted iterations
slow   [  50% ] 242/300 VUs  07m34.0s/15m0s  1.05 iters/s

running (07m35.0s), 242/300 VUs, 236 complete and 0 interrupted iterations
slow   [  51% ] 242/300 VUs  07m35.0s/15m0s  1.05 iters/s

running (07m36.0s), 242/300 VUs, 237 complete and 0 interrupted iterations
slow   [  51% ] 242/300 VUs  07m36.0s/15m0s  1.05 iters/s

running (07m37.0s), 243/300 VUs, 238 complete and 0 interrupted iterations
slow   [  51% ] 243/300 VUs  07m37.0s/15m0s  1.05 iters/s

running (07m38.0s), 243/300 VUs, 239 complete and 0 interrupted iterations
slow   [  51% ] 243/300 VUs  07m38.0s/15m0s  1.05 iters/s

running (07m39.0s), 243/300 VUs, 240 complete and 0 interrupted iterations
slow   [  51% ] 243/300 VUs  07m39.0s/15m0s  1.05 iters/s

running (07m40.0s), 243/300 VUs, 241 complete and 0 interrupted iterations
slow   [  51% ] 243/300 VUs  07m40.0s/15m0s  1.05 iters/s

running (07m41.0s), 242/300 VUs, 243 complete and 0 interrupted iterations
slow   [  51% ] 242/300 VUs  07m41.0s/15m0s  1.05 iters/s

running (07m42.0s), 242/300 VUs, 244 complete and 0 interrupted iterations
slow   [  51% ] 242/300 VUs  07m42.0s/15m0s  1.05 iters/s

running (07m43.0s), 242/300 VUs, 245 complete and 0 interrupted iterations
slow   [  51% ] 242/300 VUs  07m43.0s/15m0s  1.05 iters/s

running (07m44.0s), 242/300 VUs, 246 complete and 0 interrupted iterations
slow   [  52% ] 242/300 VUs  07m44.0s/15m0s  1.05 iters/s

running (07m45.0s), 242/300 VUs, 247 complete and 0 interrupted iterations
slow   [  52% ] 242/300 VUs  07m45.0s/15m0s  1.05 iters/s

running (07m46.0s), 242/300 VUs, 248 complete and 0 interrupted iterations
slow   [  52% ] 242/300 VUs  07m46.0s/15m0s  1.05 iters/s

running (07m47.0s), 242/300 VUs, 249 complete and 0 interrupted iterations
slow   [  52% ] 242/300 VUs  07m47.0s/15m0s  1.05 iters/s

running (07m48.0s), 242/300 VUs, 250 complete and 0 interrupted iterations
slow   [  52% ] 242/300 VUs  07m48.0s/15m0s  1.05 iters/s

running (07m49.0s), 242/300 VUs, 251 complete and 0 interrupted iterations
slow   [  52% ] 242/300 VUs  07m49.0s/15m0s  1.05 iters/s

running (07m50.0s), 242/300 VUs, 252 complete and 0 interrupted iterations
slow   [  52% ] 242/300 VUs  07m50.0s/15m0s  1.05 iters/s

running (07m51.0s), 242/300 VUs, 253 complete and 0 interrupted iterations
slow   [  52% ] 242/300 VUs  07m51.0s/15m0s  1.05 iters/s

running (07m52.0s), 242/300 VUs, 254 complete and 0 interrupted iterations
slow   [  52% ] 242/300 VUs  07m52.0s/15m0s  1.05 iters/s

running (07m53.0s), 242/300 VUs, 255 complete and 0 interrupted iterations
slow   [  53% ] 242/300 VUs  07m53.0s/15m0s  1.05 iters/s

running (07m54.0s), 242/300 VUs, 256 complete and 0 interrupted iterations
slow   [  53% ] 242/300 VUs  07m54.0s/15m0s  1.05 iters/s

running (07m55.0s), 242/300 VUs, 257 complete and 0 interrupted iterations
slow   [  53% ] 242/300 VUs  07m55.0s/15m0s  1.05 iters/s

running (07m56.0s), 242/300 VUs, 258 complete and 0 interrupted iterations
slow   [  53% ] 242/300 VUs  07m56.0s/15m0s  1.05 iters/s

running (07m57.0s), 243/300 VUs, 259 complete and 0 interrupted iterations
slow   [  53% ] 243/300 VUs  07m57.0s/15m0s  1.05 iters/s

running (07m58.0s), 243/300 VUs, 260 complete and 0 interrupted iterations
slow   [  53% ] 243/300 VUs  07m58.0s/15m0s  1.05 iters/s

running (07m59.0s), 243/300 VUs, 261 complete and 0 interrupted iterations
slow   [  53% ] 243/300 VUs  07m59.0s/15m0s  1.05 iters/s

running (08m00.0s), 243/300 VUs, 262 complete and 0 interrupted iterations
slow   [  53% ] 243/300 VUs  08m00.0s/15m0s  1.05 iters/s

running (08m01.0s), 242/300 VUs, 264 complete and 0 interrupted iterations
slow   [  53% ] 242/300 VUs  08m01.0s/15m0s  1.05 iters/s

running (08m02.0s), 242/300 VUs, 265 complete and 0 interrupted iterations
slow   [  54% ] 242/300 VUs  08m02.0s/15m0s  1.05 iters/s

running (08m03.0s), 242/300 VUs, 266 complete and 0 interrupted iterations
slow   [  54% ] 242/300 VUs  08m03.0s/15m0s  1.05 iters/s

running (08m04.0s), 242/300 VUs, 267 complete and 0 interrupted iterations
slow   [  54% ] 242/300 VUs  08m04.0s/15m0s  1.05 iters/s

running (08m05.0s), 242/300 VUs, 268 complete and 0 interrupted iterations
slow   [  54% ] 242/300 VUs  08m05.0s/15m0s  1.05 iters/s

running (08m06.0s), 242/300 VUs, 269 complete and 0 interrupted iterations
slow   [  54% ] 242/300 VUs  08m06.0s/15m0s  1.05 iters/s

running (08m07.0s), 242/300 VUs, 270 complete and 0 interrupted iterations
slow   [  54% ] 242/300 VUs  08m07.0s/15m0s  1.05 iters/s

running (08m08.0s), 242/300 VUs, 271 complete and 0 interrupted iterations
slow   [  54% ] 242/300 VUs  08m08.0s/15m0s  1.05 iters/s

running (08m09.0s), 242/300 VUs, 272 complete and 0 interrupted iterations
slow   [  54% ] 242/300 VUs  08m09.0s/15m0s  1.05 iters/s

running (08m10.0s), 242/300 VUs, 273 complete and 0 interrupted iterations
slow   [  54% ] 242/300 VUs  08m10.0s/15m0s  1.05 iters/s

running (08m11.0s), 242/300 VUs, 274 complete and 0 interrupted iterations
slow   [  55% ] 242/300 VUs  08m11.0s/15m0s  1.05 iters/s

running (08m12.0s), 242/300 VUs, 275 complete and 0 interrupted iterations
slow   [  55% ] 242/300 VUs  08m12.0s/15m0s  1.05 iters/s

running (08m13.0s), 242/300 VUs, 276 complete and 0 interrupted iterations
slow   [  55% ] 242/300 VUs  08m13.0s/15m0s  1.05 iters/s

running (08m14.0s), 242/300 VUs, 277 complete and 0 interrupted iterations
slow   [  55% ] 242/300 VUs  08m14.0s/15m0s  1.05 iters/s

running (08m15.0s), 242/300 VUs, 278 complete and 0 interrupted iterations
slow   [  55% ] 242/300 VUs  08m15.0s/15m0s  1.05 iters/s

running (08m16.0s), 242/300 VUs, 279 complete and 0 interrupted iterations
slow   [  55% ] 242/300 VUs  08m16.0s/15m0s  1.05 iters/s

running (08m17.0s), 243/300 VUs, 280 complete and 0 interrupted iterations
slow   [  55% ] 243/300 VUs  08m17.0s/15m0s  1.05 iters/s

running (08m18.0s), 243/300 VUs, 281 complete and 0 interrupted iterations
slow   [  55% ] 243/300 VUs  08m18.0s/15m0s  1.05 iters/s

running (08m19.0s), 243/300 VUs, 282 complete and 0 interrupted iterations
slow   [  55% ] 243/300 VUs  08m19.0s/15m0s  1.05 iters/s

running (08m20.0s), 243/300 VUs, 283 complete and 0 interrupted iterations
slow   [  56% ] 243/300 VUs  08m20.0s/15m0s  1.05 iters/s

running (08m21.0s), 242/300 VUs, 285 complete and 0 interrupted iterations
slow   [  56% ] 242/300 VUs  08m21.0s/15m0s  1.05 iters/s

running (08m22.0s), 242/300 VUs, 286 complete and 0 interrupted iterations
slow   [  56% ] 242/300 VUs  08m22.0s/15m0s  1.05 iters/s

running (08m23.0s), 242/300 VUs, 287 complete and 0 interrupted iterations
slow   [  56% ] 242/300 VUs  08m23.0s/15m0s  1.05 iters/s

running (08m24.0s), 242/300 VUs, 288 complete and 0 interrupted iterations
slow   [  56% ] 242/300 VUs  08m24.0s/15m0s  1.05 iters/s

running (08m25.0s), 242/300 VUs, 289 complete and 0 interrupted iterations
slow   [  56% ] 242/300 VUs  08m25.0s/15m0s  1.05 iters/s

running (08m26.0s), 242/300 VUs, 290 complete and 0 interrupted iterations
slow   [  56% ] 242/300 VUs  08m26.0s/15m0s  1.05 iters/s

running (08m27.0s), 242/300 VUs, 291 complete and 0 interrupted iterations
slow   [  56% ] 242/300 VUs  08m27.0s/15m0s  1.05 iters/s

running (08m28.0s), 242/300 VUs, 292 complete and 0 interrupted iterations
slow   [  56% ] 242/300 VUs  08m28.0s/15m0s  1.05 iters/s

running (08m29.0s), 242/300 VUs, 293 complete and 0 interrupted iterations
slow   [  57% ] 242/300 VUs  08m29.0s/15m0s  1.05 iters/s

running (08m30.0s), 242/300 VUs, 294 complete and 0 interrupted iterations
slow   [  57% ] 242/300 VUs  08m30.0s/15m0s  1.05 iters/s

running (08m31.0s), 242/300 VUs, 295 complete and 0 interrupted iterations
slow   [  57% ] 242/300 VUs  08m31.0s/15m0s  1.05 iters/s

running (08m32.0s), 242/300 VUs, 296 complete and 0 interrupted iterations
slow   [  57% ] 242/300 VUs  08m32.0s/15m0s  1.05 iters/s

running (08m33.0s), 242/300 VUs, 297 complete and 0 interrupted iterations
slow   [  57% ] 242/300 VUs  08m33.0s/15m0s  1.05 iters/s

running (08m34.0s), 242/300 VUs, 298 complete and 0 interrupted iterations
slow   [  57% ] 242/300 VUs  08m34.0s/15m0s  1.05 iters/s

running (08m35.0s), 242/300 VUs, 299 complete and 0 interrupted iterations
slow   [  57% ] 242/300 VUs  08m35.0s/15m0s  1.05 iters/s

running (08m36.0s), 241/300 VUs, 301 complete and 0 interrupted iterations
slow   [  57% ] 241/300 VUs  08m36.0s/15m0s  1.05 iters/s

running (08m37.0s), 242/300 VUs, 302 complete and 0 interrupted iterations
slow   [  57% ] 242/300 VUs  08m37.0s/15m0s  1.05 iters/s

running (08m38.0s), 242/300 VUs, 303 complete and 0 interrupted iterations
slow   [  58% ] 242/300 VUs  08m38.0s/15m0s  1.05 iters/s

running (08m39.0s), 242/300 VUs, 304 complete and 0 interrupted iterations
slow   [  58% ] 242/300 VUs  08m39.0s/15m0s  1.05 iters/s

running (08m40.0s), 242/300 VUs, 305 complete and 0 interrupted iterations
slow   [  58% ] 242/300 VUs  08m40.0s/15m0s  1.05 iters/s

running (08m41.0s), 242/300 VUs, 306 complete and 0 interrupted iterations
slow   [  58% ] 242/300 VUs  08m41.0s/15m0s  1.05 iters/s

running (08m42.0s), 242/300 VUs, 307 complete and 0 interrupted iterations
slow   [  58% ] 242/300 VUs  08m42.0s/15m0s  1.05 iters/s

running (08m43.0s), 242/300 VUs, 308 complete and 0 interrupted iterations
slow   [  58% ] 242/300 VUs  08m43.0s/15m0s  1.05 iters/s

running (08m44.0s), 242/300 VUs, 309 complete and 0 interrupted iterations
slow   [  58% ] 242/300 VUs  08m44.0s/15m0s  1.05 iters/s

running (08m45.0s), 242/300 VUs, 310 complete and 0 interrupted iterations
slow   [  58% ] 242/300 VUs  08m45.0s/15m0s  1.05 iters/s

running (08m46.0s), 242/300 VUs, 311 complete and 0 interrupted iterations
slow   [  58% ] 242/300 VUs  08m46.0s/15m0s  1.05 iters/s

running (08m47.0s), 242/300 VUs, 312 complete and 0 interrupted iterations
slow   [  59% ] 242/300 VUs  08m47.0s/15m0s  1.05 iters/s

running (08m48.0s), 242/300 VUs, 313 complete and 0 interrupted iterations
slow   [  59% ] 242/300 VUs  08m48.0s/15m0s  1.05 iters/s

running (08m49.0s), 242/300 VUs, 314 complete and 0 interrupted iterations
slow   [  59% ] 242/300 VUs  08m49.0s/15m0s  1.05 iters/s

running (08m50.0s), 242/300 VUs, 315 complete and 0 interrupted iterations
slow   [  59% ] 242/300 VUs  08m50.0s/15m0s  1.05 iters/s

running (08m51.0s), 242/300 VUs, 316 complete and 0 interrupted iterations
slow   [  59% ] 242/300 VUs  08m51.0s/15m0s  1.05 iters/s

running (08m52.0s), 241/300 VUs, 318 complete and 0 interrupted iterations
slow   [  59% ] 241/300 VUs  08m52.0s/15m0s  1.05 iters/s

running (08m53.0s), 241/300 VUs, 319 complete and 0 interrupted iterations
slow   [  59% ] 241/300 VUs  08m53.0s/15m0s  1.05 iters/s

running (08m54.0s), 241/300 VUs, 320 complete and 0 interrupted iterations
slow   [  59% ] 241/300 VUs  08m54.0s/15m0s  1.05 iters/s

running (08m55.0s), 241/300 VUs, 321 complete and 0 interrupted iterations
slow   [  59% ] 241/300 VUs  08m55.0s/15m0s  1.05 iters/s

running (08m56.0s), 241/300 VUs, 322 complete and 0 interrupted iterations
slow   [  60% ] 241/300 VUs  08m56.0s/15m0s  1.05 iters/s

running (08m57.0s), 242/300 VUs, 323 complete and 0 interrupted iterations
slow   [  60% ] 242/300 VUs  08m57.0s/15m0s  1.05 iters/s

running (08m58.0s), 242/300 VUs, 324 complete and 0 interrupted iterations
slow   [  60% ] 242/300 VUs  08m58.0s/15m0s  1.05 iters/s

running (08m59.0s), 242/300 VUs, 325 complete and 0 interrupted iterations
slow   [  60% ] 242/300 VUs  08m59.0s/15m0s  1.05 iters/s

running (09m00.0s), 242/300 VUs, 326 complete and 0 interrupted iterations
slow   [  60% ] 242/300 VUs  09m00.0s/15m0s  1.05 iters/s

running (09m01.0s), 242/300 VUs, 327 complete and 0 interrupted iterations
slow   [  60% ] 242/300 VUs  09m01.0s/15m0s  1.05 iters/s

running (09m02.0s), 242/300 VUs, 328 complete and 0 interrupted iterations
slow   [  60% ] 242/300 VUs  09m02.0s/15m0s  1.05 iters/s

running (09m03.0s), 242/300 VUs, 329 complete and 0 interrupted iterations
slow   [  60% ] 242/300 VUs  09m03.0s/15m0s  1.05 iters/s

running (09m04.0s), 242/300 VUs, 330 complete and 0 interrupted iterations
slow   [  60% ] 242/300 VUs  09m04.0s/15m0s  1.05 iters/s

running (09m05.0s), 242/300 VUs, 331 complete and 0 interrupted iterations
slow   [  61% ] 242/300 VUs  09m05.0s/15m0s  1.05 iters/s

running (09m06.0s), 242/300 VUs, 332 complete and 0 interrupted iterations
slow   [  61% ] 242/300 VUs  09m06.0s/15m0s  1.05 iters/s

running (09m07.0s), 242/300 VUs, 333 complete and 0 interrupted iterations
slow   [  61% ] 242/300 VUs  09m07.0s/15m0s  1.05 iters/s

running (09m08.0s), 242/300 VUs, 334 complete and 0 interrupted iterations
slow   [  61% ] 242/300 VUs  09m08.0s/15m0s  1.05 iters/s

running (09m09.0s), 242/300 VUs, 335 complete and 0 interrupted iterations
slow   [  61% ] 242/300 VUs  09m09.0s/15m0s  1.05 iters/s

running (09m10.0s), 242/300 VUs, 336 complete and 0 interrupted iterations
slow   [  61% ] 242/300 VUs  09m10.0s/15m0s  1.05 iters/s

running (09m11.0s), 242/300 VUs, 337 complete and 0 interrupted iterations
slow   [  61% ] 242/300 VUs  09m11.0s/15m0s  1.05 iters/s

running (09m12.0s), 241/300 VUs, 339 complete and 0 interrupted iterations
slow   [  61% ] 241/300 VUs  09m12.0s/15m0s  1.05 iters/s

running (09m13.0s), 241/300 VUs, 340 complete and 0 interrupted iterations
slow   [  61% ] 241/300 VUs  09m13.0s/15m0s  1.05 iters/s

running (09m14.0s), 241/300 VUs, 341 complete and 0 interrupted iterations
slow   [  62% ] 241/300 VUs  09m14.0s/15m0s  1.05 iters/s

running (09m15.0s), 241/300 VUs, 342 complete and 0 interrupted iterations
slow   [  62% ] 241/300 VUs  09m15.0s/15m0s  1.05 iters/s

running (09m16.0s), 242/300 VUs, 343 complete and 0 interrupted iterations
slow   [  62% ] 242/300 VUs  09m16.0s/15m0s  1.05 iters/s

running (09m17.0s), 242/300 VUs, 344 complete and 0 interrupted iterations
slow   [  62% ] 242/300 VUs  09m17.0s/15m0s  1.05 iters/s

running (09m18.0s), 242/300 VUs, 345 complete and 0 interrupted iterations
slow   [  62% ] 242/300 VUs  09m18.0s/15m0s  1.05 iters/s

running (09m19.0s), 242/300 VUs, 346 complete and 0 interrupted iterations
slow   [  62% ] 242/300 VUs  09m19.0s/15m0s  1.05 iters/s

running (09m20.0s), 242/300 VUs, 347 complete and 0 interrupted iterations
slow   [  62% ] 242/300 VUs  09m20.0s/15m0s  1.05 iters/s

running (09m21.0s), 242/300 VUs, 348 complete and 0 interrupted iterations
slow   [  62% ] 242/300 VUs  09m21.0s/15m0s  1.05 iters/s

running (09m22.0s), 242/300 VUs, 349 complete and 0 interrupted iterations
slow   [  62% ] 242/300 VUs  09m22.0s/15m0s  1.05 iters/s

running (09m23.0s), 242/300 VUs, 350 complete and 0 interrupted iterations
slow   [  63% ] 242/300 VUs  09m23.0s/15m0s  1.05 iters/s

running (09m24.0s), 242/300 VUs, 351 complete and 0 interrupted iterations
slow   [  63% ] 242/300 VUs  09m24.0s/15m0s  1.05 iters/s

running (09m25.0s), 242/300 VUs, 352 complete and 0 interrupted iterations
slow   [  63% ] 242/300 VUs  09m25.0s/15m0s  1.05 iters/s

running (09m26.0s), 242/300 VUs, 353 complete and 0 interrupted iterations
slow   [  63% ] 242/300 VUs  09m26.0s/15m0s  1.05 iters/s

running (09m27.0s), 242/300 VUs, 354 complete and 0 interrupted iterations
slow   [  63% ] 242/300 VUs  09m27.0s/15m0s  1.05 iters/s

running (09m28.0s), 242/300 VUs, 355 complete and 0 interrupted iterations
slow   [  63% ] 242/300 VUs  09m28.0s/15m0s  1.05 iters/s

running (09m29.0s), 242/300 VUs, 356 complete and 0 interrupted iterations
slow   [  63% ] 242/300 VUs  09m29.0s/15m0s  1.05 iters/s

running (09m30.0s), 242/300 VUs, 357 complete and 0 interrupted iterations
slow   [  63% ] 242/300 VUs  09m30.0s/15m0s  1.05 iters/s

running (09m31.0s), 241/300 VUs, 359 complete and 0 interrupted iterations
slow   [  63% ] 241/300 VUs  09m31.0s/15m0s  1.05 iters/s

running (09m32.0s), 241/300 VUs, 360 complete and 0 interrupted iterations
slow   [  64% ] 241/300 VUs  09m32.0s/15m0s  1.05 iters/s

running (09m33.0s), 241/300 VUs, 361 complete and 0 interrupted iterations
slow   [  64% ] 241/300 VUs  09m33.0s/15m0s  1.05 iters/s

running (09m34.0s), 241/300 VUs, 362 complete and 0 interrupted iterations
slow   [  64% ] 241/300 VUs  09m34.0s/15m0s  1.05 iters/s

running (09m35.0s), 241/300 VUs, 363 complete and 0 interrupted iterations
slow   [  64% ] 241/300 VUs  09m35.0s/15m0s  1.05 iters/s

running (09m36.0s), 242/300 VUs, 364 complete and 0 interrupted iterations
slow   [  64% ] 242/300 VUs  09m36.0s/15m0s  1.05 iters/s

running (09m37.0s), 242/300 VUs, 365 complete and 0 interrupted iterations
slow   [  64% ] 242/300 VUs  09m37.0s/15m0s  1.05 iters/s

running (09m38.0s), 242/300 VUs, 366 complete and 0 interrupted iterations
slow   [  64% ] 242/300 VUs  09m38.0s/15m0s  1.05 iters/s

running (09m39.0s), 242/300 VUs, 367 complete and 0 interrupted iterations
slow   [  64% ] 242/300 VUs  09m39.0s/15m0s  1.05 iters/s

running (09m40.0s), 242/300 VUs, 368 complete and 0 interrupted iterations
slow   [  64% ] 242/300 VUs  09m40.0s/15m0s  1.05 iters/s

running (09m41.0s), 242/300 VUs, 369 complete and 0 interrupted iterations
slow   [  65% ] 242/300 VUs  09m41.0s/15m0s  1.05 iters/s

running (09m42.0s), 242/300 VUs, 370 complete and 0 interrupted iterations
slow   [  65% ] 242/300 VUs  09m42.0s/15m0s  1.05 iters/s

running (09m43.0s), 242/300 VUs, 371 complete and 0 interrupted iterations
slow   [  65% ] 242/300 VUs  09m43.0s/15m0s  1.05 iters/s

running (09m44.0s), 242/300 VUs, 372 complete and 0 interrupted iterations
slow   [  65% ] 242/300 VUs  09m44.0s/15m0s  1.05 iters/s

running (09m45.0s), 242/300 VUs, 373 complete and 0 interrupted iterations
slow   [  65% ] 242/300 VUs  09m45.0s/15m0s  1.05 iters/s

running (09m46.0s), 242/300 VUs, 374 complete and 0 interrupted iterations
slow   [  65% ] 242/300 VUs  09m46.0s/15m0s  1.05 iters/s

running (09m47.0s), 242/300 VUs, 375 complete and 0 interrupted iterations
slow   [  65% ] 242/300 VUs  09m47.0s/15m0s  1.05 iters/s

running (09m48.0s), 242/300 VUs, 376 complete and 0 interrupted iterations
slow   [  65% ] 242/300 VUs  09m48.0s/15m0s  1.05 iters/s

running (09m49.0s), 242/300 VUs, 377 complete and 0 interrupted iterations
slow   [  65% ] 242/300 VUs  09m49.0s/15m0s  1.05 iters/s

running (09m50.0s), 242/300 VUs, 378 complete and 0 interrupted iterations
slow   [  66% ] 242/300 VUs  09m50.0s/15m0s  1.05 iters/s

running (09m51.0s), 242/300 VUs, 379 complete and 0 interrupted iterations
slow   [  66% ] 242/300 VUs  09m51.0s/15m0s  1.05 iters/s

running (09m52.0s), 242/300 VUs, 380 complete and 0 interrupted iterations
slow   [  66% ] 242/300 VUs  09m52.0s/15m0s  1.05 iters/s

running (09m53.0s), 242/300 VUs, 381 complete and 0 interrupted iterations
slow   [  66% ] 242/300 VUs  09m53.0s/15m0s  1.05 iters/s

running (09m54.0s), 242/300 VUs, 382 complete and 0 interrupted iterations
slow   [  66% ] 242/300 VUs  09m54.0s/15m0s  1.05 iters/s

running (09m55.0s), 241/300 VUs, 384 complete and 0 interrupted iterations
slow   [  66% ] 241/300 VUs  09m55.0s/15m0s  1.05 iters/s

running (09m56.0s), 242/300 VUs, 385 complete and 0 interrupted iterations
slow   [  66% ] 242/300 VUs  09m56.0s/15m0s  1.05 iters/s

running (09m57.0s), 242/300 VUs, 386 complete and 0 interrupted iterations
slow   [  66% ] 242/300 VUs  09m57.0s/15m0s  1.05 iters/s

running (09m58.0s), 242/300 VUs, 387 complete and 0 interrupted iterations
slow   [  66% ] 242/300 VUs  09m58.0s/15m0s  1.05 iters/s

running (09m59.0s), 242/300 VUs, 388 complete and 0 interrupted iterations
slow   [  67% ] 242/300 VUs  09m59.0s/15m0s  1.05 iters/s

running (10m00.0s), 242/300 VUs, 389 complete and 0 interrupted iterations
slow   [  67% ] 242/300 VUs  10m00.0s/15m0s  1.05 iters/s

running (10m01.0s), 242/300 VUs, 390 complete and 0 interrupted iterations
slow   [  67% ] 242/300 VUs  10m01.0s/15m0s  1.05 iters/s

running (10m02.0s), 242/300 VUs, 391 complete and 0 interrupted iterations
slow   [  67% ] 242/300 VUs  10m02.0s/15m0s  1.05 iters/s

running (10m03.0s), 242/300 VUs, 392 complete and 0 interrupted iterations
slow   [  67% ] 242/300 VUs  10m03.0s/15m0s  1.05 iters/s

running (10m04.0s), 242/300 VUs, 393 complete and 0 interrupted iterations
slow   [  67% ] 242/300 VUs  10m04.0s/15m0s  1.05 iters/s

running (10m05.0s), 242/300 VUs, 394 complete and 0 interrupted iterations
slow   [  67% ] 242/300 VUs  10m05.0s/15m0s  1.05 iters/s

running (10m06.0s), 242/300 VUs, 395 complete and 0 interrupted iterations
slow   [  67% ] 242/300 VUs  10m06.0s/15m0s  1.05 iters/s

running (10m07.0s), 242/300 VUs, 396 complete and 0 interrupted iterations
slow   [  67% ] 242/300 VUs  10m07.0s/15m0s  1.05 iters/s

running (10m08.0s), 242/300 VUs, 397 complete and 0 interrupted iterations
slow   [  68% ] 242/300 VUs  10m08.0s/15m0s  1.05 iters/s

running (10m09.0s), 242/300 VUs, 398 complete and 0 interrupted iterations
slow   [  68% ] 242/300 VUs  10m09.0s/15m0s  1.05 iters/s

running (10m10.0s), 242/300 VUs, 399 complete and 0 interrupted iterations
slow   [  68% ] 242/300 VUs  10m10.0s/15m0s  1.05 iters/s

running (10m11.0s), 241/300 VUs, 401 complete and 0 interrupted iterations
slow   [  68% ] 241/300 VUs  10m11.0s/15m0s  1.05 iters/s

running (10m12.0s), 241/300 VUs, 402 complete and 0 interrupted iterations
slow   [  68% ] 241/300 VUs  10m12.0s/15m0s  1.05 iters/s

running (10m13.0s), 241/300 VUs, 403 complete and 0 interrupted iterations
slow   [  68% ] 241/300 VUs  10m13.0s/15m0s  1.05 iters/s

running (10m14.0s), 241/300 VUs, 404 complete and 0 interrupted iterations
slow   [  68% ] 241/300 VUs  10m14.0s/15m0s  1.05 iters/s

running (10m15.0s), 241/300 VUs, 405 complete and 0 interrupted iterations
slow   [  68% ] 241/300 VUs  10m15.0s/15m0s  1.05 iters/s

running (10m16.0s), 242/300 VUs, 406 complete and 0 interrupted iterations
slow   [  68% ] 242/300 VUs  10m16.0s/15m0s  1.05 iters/s

running (10m17.0s), 242/300 VUs, 407 complete and 0 interrupted iterations
slow   [  69% ] 242/300 VUs  10m17.0s/15m0s  1.05 iters/s

running (10m18.0s), 242/300 VUs, 408 complete and 0 interrupted iterations
slow   [  69% ] 242/300 VUs  10m18.0s/15m0s  1.05 iters/s

running (10m19.0s), 242/300 VUs, 409 complete and 0 interrupted iterations
slow   [  69% ] 242/300 VUs  10m19.0s/15m0s  1.05 iters/s

running (10m20.0s), 242/300 VUs, 410 complete and 0 interrupted iterations
slow   [  69% ] 242/300 VUs  10m20.0s/15m0s  1.05 iters/s

running (10m21.0s), 242/300 VUs, 411 complete and 0 interrupted iterations
slow   [  69% ] 242/300 VUs  10m21.0s/15m0s  1.05 iters/s

running (10m22.0s), 242/300 VUs, 412 complete and 0 interrupted iterations
slow   [  69% ] 242/300 VUs  10m22.0s/15m0s  1.05 iters/s

running (10m23.0s), 242/300 VUs, 413 complete and 0 interrupted iterations
slow   [  69% ] 242/300 VUs  10m23.0s/15m0s  1.05 iters/s

running (10m24.0s), 242/300 VUs, 414 complete and 0 interrupted iterations
slow   [  69% ] 242/300 VUs  10m24.0s/15m0s  1.05 iters/s

running (10m25.0s), 242/300 VUs, 415 complete and 0 interrupted iterations
slow   [  69% ] 242/300 VUs  10m25.0s/15m0s  1.05 iters/s

running (10m26.0s), 242/300 VUs, 416 complete and 0 interrupted iterations
slow   [  70% ] 242/300 VUs  10m26.0s/15m0s  1.05 iters/s

running (10m27.0s), 242/300 VUs, 417 complete and 0 interrupted iterations
slow   [  70% ] 242/300 VUs  10m27.0s/15m0s  1.05 iters/s

running (10m28.0s), 242/300 VUs, 418 complete and 0 interrupted iterations
slow   [  70% ] 242/300 VUs  10m28.0s/15m0s  1.05 iters/s

running (10m29.0s), 242/300 VUs, 419 complete and 0 interrupted iterations
slow   [  70% ] 242/300 VUs  10m29.0s/15m0s  1.05 iters/s

running (10m30.0s), 242/300 VUs, 420 complete and 0 interrupted iterations
slow   [  70% ] 242/300 VUs  10m30.0s/15m0s  1.05 iters/s

running (10m31.0s), 241/300 VUs, 422 complete and 0 interrupted iterations
slow   [  70% ] 241/300 VUs  10m31.0s/15m0s  1.05 iters/s

running (10m32.0s), 241/300 VUs, 423 complete and 0 interrupted iterations
slow   [  70% ] 241/300 VUs  10m32.0s/15m0s  1.05 iters/s

running (10m33.0s), 241/300 VUs, 424 complete and 0 interrupted iterations
slow   [  70% ] 241/300 VUs  10m33.0s/15m0s  1.05 iters/s

running (10m34.0s), 241/300 VUs, 425 complete and 0 interrupted iterations
slow   [  70% ] 241/300 VUs  10m34.0s/15m0s  1.05 iters/s

running (10m35.0s), 241/300 VUs, 426 complete and 0 interrupted iterations
slow   [  71% ] 241/300 VUs  10m35.0s/15m0s  1.05 iters/s

running (10m36.0s), 242/300 VUs, 427 complete and 0 interrupted iterations
slow   [  71% ] 242/300 VUs  10m36.0s/15m0s  1.05 iters/s

running (10m37.0s), 242/300 VUs, 428 complete and 0 interrupted iterations
slow   [  71% ] 242/300 VUs  10m37.0s/15m0s  1.05 iters/s

running (10m38.0s), 242/300 VUs, 429 complete and 0 interrupted iterations
slow   [  71% ] 242/300 VUs  10m38.0s/15m0s  1.05 iters/s

running (10m39.0s), 242/300 VUs, 430 complete and 0 interrupted iterations
slow   [  71% ] 242/300 VUs  10m39.0s/15m0s  1.05 iters/s

running (10m40.0s), 242/300 VUs, 431 complete and 0 interrupted iterations
slow   [  71% ] 242/300 VUs  10m40.0s/15m0s  1.05 iters/s

running (10m41.0s), 242/300 VUs, 432 complete and 0 interrupted iterations
slow   [  71% ] 242/300 VUs  10m41.0s/15m0s  1.05 iters/s

running (10m42.0s), 242/300 VUs, 433 complete and 0 interrupted iterations
slow   [  71% ] 242/300 VUs  10m42.0s/15m0s  1.05 iters/s

running (10m43.0s), 242/300 VUs, 434 complete and 0 interrupted iterations
slow   [  71% ] 242/300 VUs  10m43.0s/15m0s  1.05 iters/s

running (10m44.0s), 242/300 VUs, 435 complete and 0 interrupted iterations
slow   [  72% ] 242/300 VUs  10m44.0s/15m0s  1.05 iters/s

running (10m45.0s), 242/300 VUs, 436 complete and 0 interrupted iterations
slow   [  72% ] 242/300 VUs  10m45.0s/15m0s  1.05 iters/s

running (10m46.0s), 242/300 VUs, 437 complete and 0 interrupted iterations
slow   [  72% ] 242/300 VUs  10m46.0s/15m0s  1.05 iters/s

running (10m47.0s), 242/300 VUs, 438 complete and 0 interrupted iterations
slow   [  72% ] 242/300 VUs  10m47.0s/15m0s  1.05 iters/s

running (10m48.0s), 242/300 VUs, 439 complete and 0 interrupted iterations
slow   [  72% ] 242/300 VUs  10m48.0s/15m0s  1.05 iters/s

running (10m49.0s), 242/300 VUs, 440 complete and 0 interrupted iterations
slow   [  72% ] 242/300 VUs  10m49.0s/15m0s  1.05 iters/s

running (10m50.0s), 241/300 VUs, 442 complete and 0 interrupted iterations
slow   [  72% ] 241/300 VUs  10m50.0s/15m0s  1.05 iters/s

running (10m51.0s), 241/300 VUs, 443 complete and 0 interrupted iterations
slow   [  72% ] 241/300 VUs  10m51.0s/15m0s  1.05 iters/s

running (10m52.0s), 241/300 VUs, 444 complete and 0 interrupted iterations
slow   [  72% ] 241/300 VUs  10m52.0s/15m0s  1.05 iters/s

running (10m53.0s), 241/300 VUs, 445 complete and 0 interrupted iterations
slow   [  73% ] 241/300 VUs  10m53.0s/15m0s  1.05 iters/s

running (10m54.0s), 241/300 VUs, 446 complete and 0 interrupted iterations
slow   [  73% ] 241/300 VUs  10m54.0s/15m0s  1.05 iters/s

running (10m55.0s), 242/300 VUs, 447 complete and 0 interrupted iterations
slow   [  73% ] 242/300 VUs  10m55.0s/15m0s  1.05 iters/s

running (10m56.0s), 242/300 VUs, 448 complete and 0 interrupted iterations
slow   [  73% ] 242/300 VUs  10m56.0s/15m0s  1.05 iters/s

running (10m57.0s), 242/300 VUs, 449 complete and 0 interrupted iterations
slow   [  73% ] 242/300 VUs  10m57.0s/15m0s  1.05 iters/s

running (10m58.0s), 242/300 VUs, 450 complete and 0 interrupted iterations
slow   [  73% ] 242/300 VUs  10m58.0s/15m0s  1.05 iters/s

running (10m59.0s), 242/300 VUs, 451 complete and 0 interrupted iterations
slow   [  73% ] 242/300 VUs  10m59.0s/15m0s  1.05 iters/s

running (11m00.0s), 242/300 VUs, 452 complete and 0 interrupted iterations
slow   [  73% ] 242/300 VUs  11m00.0s/15m0s  1.05 iters/s

running (11m01.0s), 242/300 VUs, 453 complete and 0 interrupted iterations
slow   [  73% ] 242/300 VUs  11m01.0s/15m0s  1.05 iters/s

running (11m02.0s), 242/300 VUs, 454 complete and 0 interrupted iterations
slow   [  74% ] 242/300 VUs  11m02.0s/15m0s  1.05 iters/s

running (11m03.0s), 242/300 VUs, 455 complete and 0 interrupted iterations
slow   [  74% ] 242/300 VUs  11m03.0s/15m0s  1.05 iters/s

running (11m04.0s), 242/300 VUs, 456 complete and 0 interrupted iterations
slow   [  74% ] 242/300 VUs  11m04.0s/15m0s  1.05 iters/s

running (11m05.0s), 242/300 VUs, 457 complete and 0 interrupted iterations
slow   [  74% ] 242/300 VUs  11m05.0s/15m0s  1.05 iters/s

running (11m06.0s), 242/300 VUs, 458 complete and 0 interrupted iterations
slow   [  74% ] 242/300 VUs  11m06.0s/15m0s  1.05 iters/s

running (11m07.0s), 242/300 VUs, 459 complete and 0 interrupted iterations
slow   [  74% ] 242/300 VUs  11m07.0s/15m0s  1.05 iters/s

running (11m08.0s), 242/300 VUs, 460 complete and 0 interrupted iterations
slow   [  74% ] 242/300 VUs  11m08.0s/15m0s  1.05 iters/s

running (11m09.0s), 242/300 VUs, 461 complete and 0 interrupted iterations
slow   [  74% ] 242/300 VUs  11m09.0s/15m0s  1.05 iters/s

running (11m10.0s), 241/300 VUs, 463 complete and 0 interrupted iterations
slow   [  74% ] 241/300 VUs  11m10.0s/15m0s  1.05 iters/s

running (11m11.0s), 242/300 VUs, 463 complete and 0 interrupted iterations
slow   [  75% ] 242/300 VUs  11m11.0s/15m0s  1.05 iters/s

running (11m12.0s), 241/300 VUs, 465 complete and 0 interrupted iterations
slow   [  75% ] 241/300 VUs  11m12.0s/15m0s  1.05 iters/s

running (11m13.0s), 241/300 VUs, 466 complete and 0 interrupted iterations
slow   [  75% ] 241/300 VUs  11m13.0s/15m0s  1.05 iters/s

running (11m14.0s), 241/300 VUs, 467 complete and 0 interrupted iterations
slow   [  75% ] 241/300 VUs  11m14.0s/15m0s  1.05 iters/s

running (11m15.0s), 242/300 VUs, 468 complete and 0 interrupted iterations
slow   [  75% ] 242/300 VUs  11m15.0s/15m0s  1.05 iters/s

running (11m16.0s), 242/300 VUs, 469 complete and 0 interrupted iterations
slow   [  75% ] 242/300 VUs  11m16.0s/15m0s  1.05 iters/s

running (11m17.0s), 242/300 VUs, 470 complete and 0 interrupted iterations
slow   [  75% ] 242/300 VUs  11m17.0s/15m0s  1.05 iters/s

running (11m18.0s), 242/300 VUs, 471 complete and 0 interrupted iterations
slow   [  75% ] 242/300 VUs  11m18.0s/15m0s  1.05 iters/s

running (11m19.0s), 242/300 VUs, 472 complete and 0 interrupted iterations
slow   [  75% ] 242/300 VUs  11m19.0s/15m0s  1.05 iters/s

running (11m20.0s), 242/300 VUs, 473 complete and 0 interrupted iterations
slow   [  76% ] 242/300 VUs  11m20.0s/15m0s  1.05 iters/s

running (11m21.0s), 242/300 VUs, 474 complete and 0 interrupted iterations
slow   [  76% ] 242/300 VUs  11m21.0s/15m0s  1.05 iters/s

running (11m22.0s), 242/300 VUs, 475 complete and 0 interrupted iterations
slow   [  76% ] 242/300 VUs  11m22.0s/15m0s  1.05 iters/s

running (11m23.0s), 242/300 VUs, 476 complete and 0 interrupted iterations
slow   [  76% ] 242/300 VUs  11m23.0s/15m0s  1.05 iters/s

running (11m24.0s), 242/300 VUs, 477 complete and 0 interrupted iterations
slow   [  76% ] 242/300 VUs  11m24.0s/15m0s  1.05 iters/s

running (11m25.0s), 242/300 VUs, 478 complete and 0 interrupted iterations
slow   [  76% ] 242/300 VUs  11m25.0s/15m0s  1.05 iters/s

running (11m26.0s), 242/300 VUs, 479 complete and 0 interrupted iterations
slow   [  76% ] 242/300 VUs  11m26.0s/15m0s  1.05 iters/s

running (11m27.0s), 242/300 VUs, 480 complete and 0 interrupted iterations
slow   [  76% ] 242/300 VUs  11m27.0s/15m0s  1.05 iters/s

running (11m28.0s), 242/300 VUs, 481 complete and 0 interrupted iterations
slow   [  76% ] 242/300 VUs  11m28.0s/15m0s  1.05 iters/s

running (11m29.0s), 242/300 VUs, 482 complete and 0 interrupted iterations
slow   [  77% ] 242/300 VUs  11m29.0s/15m0s  1.05 iters/s

running (11m30.0s), 241/300 VUs, 484 complete and 0 interrupted iterations
slow   [  77% ] 241/300 VUs  11m30.0s/15m0s  1.05 iters/s

running (11m31.0s), 241/300 VUs, 485 complete and 0 interrupted iterations
slow   [  77% ] 241/300 VUs  11m31.0s/15m0s  1.05 iters/s

running (11m32.0s), 241/300 VUs, 486 complete and 0 interrupted iterations
slow   [  77% ] 241/300 VUs  11m32.0s/15m0s  1.05 iters/s

running (11m33.0s), 241/300 VUs, 487 complete and 0 interrupted iterations
slow   [  77% ] 241/300 VUs  11m33.0s/15m0s  1.05 iters/s

running (11m34.0s), 241/300 VUs, 488 complete and 0 interrupted iterations
slow   [  77% ] 241/300 VUs  11m34.0s/15m0s  1.05 iters/s

running (11m35.0s), 242/300 VUs, 489 complete and 0 interrupted iterations
slow   [  77% ] 242/300 VUs  11m35.0s/15m0s  1.05 iters/s

running (11m36.0s), 242/300 VUs, 490 complete and 0 interrupted iterations
slow   [  77% ] 242/300 VUs  11m36.0s/15m0s  1.05 iters/s

running (11m37.0s), 242/300 VUs, 491 complete and 0 interrupted iterations
slow   [  77% ] 242/300 VUs  11m37.0s/15m0s  1.05 iters/s

running (11m38.0s), 242/300 VUs, 492 complete and 0 interrupted iterations
slow   [  78% ] 242/300 VUs  11m38.0s/15m0s  1.05 iters/s

running (11m39.0s), 242/300 VUs, 493 complete and 0 interrupted iterations
slow   [  78% ] 242/300 VUs  11m39.0s/15m0s  1.05 iters/s

running (11m40.0s), 242/300 VUs, 494 complete and 0 interrupted iterations
slow   [  78% ] 242/300 VUs  11m40.0s/15m0s  1.05 iters/s

running (11m41.0s), 242/300 VUs, 495 complete and 0 interrupted iterations
slow   [  78% ] 242/300 VUs  11m41.0s/15m0s  1.05 iters/s

running (11m42.0s), 242/300 VUs, 496 complete and 0 interrupted iterations
slow   [  78% ] 242/300 VUs  11m42.0s/15m0s  1.05 iters/s

running (11m43.0s), 242/300 VUs, 497 complete and 0 interrupted iterations
slow   [  78% ] 242/300 VUs  11m43.0s/15m0s  1.05 iters/s

running (11m44.0s), 242/300 VUs, 498 complete and 0 interrupted iterations
slow   [  78% ] 242/300 VUs  11m44.0s/15m0s  1.05 iters/s

running (11m45.0s), 242/300 VUs, 499 complete and 0 interrupted iterations
slow   [  78% ] 242/300 VUs  11m45.0s/15m0s  1.05 iters/s

running (11m46.0s), 242/300 VUs, 500 complete and 0 interrupted iterations
slow   [  78% ] 242/300 VUs  11m46.0s/15m0s  1.05 iters/s

running (11m47.0s), 242/300 VUs, 501 complete and 0 interrupted iterations
slow   [  79% ] 242/300 VUs  11m47.0s/15m0s  1.05 iters/s

running (11m48.0s), 242/300 VUs, 502 complete and 0 interrupted iterations
slow   [  79% ] 242/300 VUs  11m48.0s/15m0s  1.05 iters/s

running (11m49.0s), 242/300 VUs, 503 complete and 0 interrupted iterations
slow   [  79% ] 242/300 VUs  11m49.0s/15m0s  1.05 iters/s

running (11m50.0s), 241/300 VUs, 505 complete and 0 interrupted iterations
slow   [  79% ] 241/300 VUs  11m50.0s/15m0s  1.05 iters/s

running (11m51.0s), 241/300 VUs, 506 complete and 0 interrupted iterations
slow   [  79% ] 241/300 VUs  11m51.0s/15m0s  1.05 iters/s

running (11m52.0s), 241/300 VUs, 507 complete and 0 interrupted iterations
slow   [  79% ] 241/300 VUs  11m52.0s/15m0s  1.05 iters/s

running (11m53.0s), 241/300 VUs, 508 complete and 0 interrupted iterations
slow   [  79% ] 241/300 VUs  11m53.0s/15m0s  1.05 iters/s

running (11m54.0s), 241/300 VUs, 509 complete and 0 interrupted iterations
slow   [  79% ] 241/300 VUs  11m54.0s/15m0s  1.05 iters/s

running (11m55.0s), 242/300 VUs, 510 complete and 0 interrupted iterations
slow   [  79% ] 242/300 VUs  11m55.0s/15m0s  1.05 iters/s

running (11m56.0s), 242/300 VUs, 511 complete and 0 interrupted iterations
slow   [  80% ] 242/300 VUs  11m56.0s/15m0s  1.05 iters/s

running (11m57.0s), 242/300 VUs, 512 complete and 0 interrupted iterations
slow   [  80% ] 242/300 VUs  11m57.0s/15m0s  1.05 iters/s

running (11m58.0s), 242/300 VUs, 513 complete and 0 interrupted iterations
slow   [  80% ] 242/300 VUs  11m58.0s/15m0s  1.05 iters/s

running (11m59.0s), 242/300 VUs, 514 complete and 0 interrupted iterations
slow   [  80% ] 242/300 VUs  11m59.0s/15m0s  1.05 iters/s

running (12m00.0s), 242/300 VUs, 515 complete and 0 interrupted iterations
slow   [  80% ] 242/300 VUs  12m00.0s/15m0s  1.05 iters/s

running (12m01.0s), 242/300 VUs, 516 complete and 0 interrupted iterations
slow   [  80% ] 242/300 VUs  12m01.0s/15m0s  1.05 iters/s

running (12m02.0s), 242/300 VUs, 517 complete and 0 interrupted iterations
slow   [  80% ] 242/300 VUs  12m02.0s/15m0s  1.05 iters/s

running (12m03.0s), 242/300 VUs, 518 complete and 0 interrupted iterations
slow   [  80% ] 242/300 VUs  12m03.0s/15m0s  1.05 iters/s

running (12m04.0s), 242/300 VUs, 519 complete and 0 interrupted iterations
slow   [  80% ] 242/300 VUs  12m04.0s/15m0s  1.05 iters/s

running (12m05.0s), 242/300 VUs, 520 complete and 0 interrupted iterations
slow   [  81% ] 242/300 VUs  12m05.0s/15m0s  1.05 iters/s

running (12m06.0s), 242/300 VUs, 521 complete and 0 interrupted iterations
slow   [  81% ] 242/300 VUs  12m06.0s/15m0s  1.05 iters/s

running (12m07.0s), 242/300 VUs, 522 complete and 0 interrupted iterations
slow   [  81% ] 242/300 VUs  12m07.0s/15m0s  1.05 iters/s

running (12m08.0s), 242/300 VUs, 523 complete and 0 interrupted iterations
slow   [  81% ] 242/300 VUs  12m08.0s/15m0s  1.05 iters/s

running (12m09.0s), 242/300 VUs, 524 complete and 0 interrupted iterations
slow   [  81% ] 242/300 VUs  12m09.0s/15m0s  1.05 iters/s

running (12m10.0s), 241/300 VUs, 526 complete and 0 interrupted iterations
slow   [  81% ] 241/300 VUs  12m10.0s/15m0s  1.05 iters/s

running (12m11.0s), 241/300 VUs, 527 complete and 0 interrupted iterations
slow   [  81% ] 241/300 VUs  12m11.0s/15m0s  1.05 iters/s

running (12m12.0s), 241/300 VUs, 528 complete and 0 interrupted iterations
slow   [  81% ] 241/300 VUs  12m12.0s/15m0s  1.05 iters/s

running (12m13.0s), 241/300 VUs, 529 complete and 0 interrupted iterations
slow   [  81% ] 241/300 VUs  12m13.0s/15m0s  1.05 iters/s

running (12m14.0s), 241/300 VUs, 530 complete and 0 interrupted iterations
slow   [  82% ] 241/300 VUs  12m14.0s/15m0s  1.05 iters/s

running (12m15.0s), 242/300 VUs, 531 complete and 0 interrupted iterations
slow   [  82% ] 242/300 VUs  12m15.0s/15m0s  1.05 iters/s

running (12m16.0s), 242/300 VUs, 532 complete and 0 interrupted iterations
slow   [  82% ] 242/300 VUs  12m16.0s/15m0s  1.05 iters/s

running (12m17.0s), 242/300 VUs, 533 complete and 0 interrupted iterations
slow   [  82% ] 242/300 VUs  12m17.0s/15m0s  1.05 iters/s

running (12m18.0s), 242/300 VUs, 534 complete and 0 interrupted iterations
slow   [  82% ] 242/300 VUs  12m18.0s/15m0s  1.05 iters/s

running (12m19.0s), 242/300 VUs, 535 complete and 0 interrupted iterations
slow   [  82% ] 242/300 VUs  12m19.0s/15m0s  1.05 iters/s

running (12m20.0s), 242/300 VUs, 536 complete and 0 interrupted iterations
slow   [  82% ] 242/300 VUs  12m20.0s/15m0s  1.05 iters/s

running (12m21.0s), 242/300 VUs, 537 complete and 0 interrupted iterations
slow   [  82% ] 242/300 VUs  12m21.0s/15m0s  1.05 iters/s

running (12m22.0s), 242/300 VUs, 538 complete and 0 interrupted iterations
slow   [  82% ] 242/300 VUs  12m22.0s/15m0s  1.05 iters/s

running (12m23.0s), 242/300 VUs, 539 complete and 0 interrupted iterations
slow   [  83% ] 242/300 VUs  12m23.0s/15m0s  1.05 iters/s

running (12m24.0s), 242/300 VUs, 540 complete and 0 interrupted iterations
slow   [  83% ] 242/300 VUs  12m24.0s/15m0s  1.05 iters/s

running (12m25.0s), 242/300 VUs, 541 complete and 0 interrupted iterations
slow   [  83% ] 242/300 VUs  12m25.0s/15m0s  1.05 iters/s

running (12m26.0s), 242/300 VUs, 542 complete and 0 interrupted iterations
slow   [  83% ] 242/300 VUs  12m26.0s/15m0s  1.05 iters/s

running (12m27.0s), 242/300 VUs, 543 complete and 0 interrupted iterations
slow   [  83% ] 242/300 VUs  12m27.0s/15m0s  1.05 iters/s

running (12m28.0s), 242/300 VUs, 544 complete and 0 interrupted iterations
slow   [  83% ] 242/300 VUs  12m28.0s/15m0s  1.05 iters/s

running (12m29.0s), 242/300 VUs, 545 complete and 0 interrupted iterations
slow   [  83% ] 242/300 VUs  12m29.0s/15m0s  1.05 iters/s

running (12m30.0s), 241/300 VUs, 547 complete and 0 interrupted iterations
slow   [  83% ] 241/300 VUs  12m30.0s/15m0s  1.05 iters/s

running (12m31.0s), 241/300 VUs, 548 complete and 0 interrupted iterations
slow   [  83% ] 241/300 VUs  12m31.0s/15m0s  1.05 iters/s

running (12m32.0s), 241/300 VUs, 549 complete and 0 interrupted iterations
slow   [  84% ] 241/300 VUs  12m32.0s/15m0s  1.05 iters/s

running (12m33.0s), 241/300 VUs, 550 complete and 0 interrupted iterations
slow   [  84% ] 241/300 VUs  12m33.0s/15m0s  1.05 iters/s

running (12m34.0s), 241/300 VUs, 551 complete and 0 interrupted iterations
slow   [  84% ] 241/300 VUs  12m34.0s/15m0s  1.05 iters/s

running (12m35.0s), 242/300 VUs, 552 complete and 0 interrupted iterations
slow   [  84% ] 242/300 VUs  12m35.0s/15m0s  1.05 iters/s

running (12m36.0s), 242/300 VUs, 553 complete and 0 interrupted iterations
slow   [  84% ] 242/300 VUs  12m36.0s/15m0s  1.05 iters/s

running (12m37.0s), 242/300 VUs, 554 complete and 0 interrupted iterations
slow   [  84% ] 242/300 VUs  12m37.0s/15m0s  1.05 iters/s

running (12m38.0s), 242/300 VUs, 555 complete and 0 interrupted iterations
slow   [  84% ] 242/300 VUs  12m38.0s/15m0s  1.05 iters/s

running (12m39.0s), 242/300 VUs, 556 complete and 0 interrupted iterations
slow   [  84% ] 242/300 VUs  12m39.0s/15m0s  1.05 iters/s

running (12m40.0s), 242/300 VUs, 557 complete and 0 interrupted iterations
slow   [  84% ] 242/300 VUs  12m40.0s/15m0s  1.05 iters/s

running (12m41.0s), 242/300 VUs, 558 complete and 0 interrupted iterations
slow   [  85% ] 242/300 VUs  12m41.0s/15m0s  1.05 iters/s

running (12m42.0s), 242/300 VUs, 559 complete and 0 interrupted iterations
slow   [  85% ] 242/300 VUs  12m42.0s/15m0s  1.05 iters/s

running (12m43.0s), 242/300 VUs, 560 complete and 0 interrupted iterations
slow   [  85% ] 242/300 VUs  12m43.0s/15m0s  1.05 iters/s

running (12m44.0s), 242/300 VUs, 561 complete and 0 interrupted iterations
slow   [  85% ] 242/300 VUs  12m44.0s/15m0s  1.05 iters/s

running (12m45.0s), 242/300 VUs, 562 complete and 0 interrupted iterations
slow   [  85% ] 242/300 VUs  12m45.0s/15m0s  1.05 iters/s

running (12m46.0s), 242/300 VUs, 563 complete and 0 interrupted iterations
slow   [  85% ] 242/300 VUs  12m46.0s/15m0s  1.05 iters/s

running (12m47.0s), 242/300 VUs, 564 complete and 0 interrupted iterations
slow   [  85% ] 242/300 VUs  12m47.0s/15m0s  1.05 iters/s

running (12m48.0s), 242/300 VUs, 565 complete and 0 interrupted iterations
slow   [  85% ] 242/300 VUs  12m48.0s/15m0s  1.05 iters/s

running (12m49.0s), 242/300 VUs, 566 complete and 0 interrupted iterations
slow   [  85% ] 242/300 VUs  12m49.0s/15m0s  1.05 iters/s

running (12m50.0s), 241/300 VUs, 568 complete and 0 interrupted iterations
slow   [  86% ] 241/300 VUs  12m50.0s/15m0s  1.05 iters/s

running (12m51.0s), 241/300 VUs, 569 complete and 0 interrupted iterations
slow   [  86% ] 241/300 VUs  12m51.0s/15m0s  1.05 iters/s

running (12m52.0s), 241/300 VUs, 570 complete and 0 interrupted iterations
slow   [  86% ] 241/300 VUs  12m52.0s/15m0s  1.05 iters/s

running (12m53.0s), 241/300 VUs, 571 complete and 0 interrupted iterations
slow   [  86% ] 241/300 VUs  12m53.0s/15m0s  1.05 iters/s

running (12m54.0s), 242/300 VUs, 572 complete and 0 interrupted iterations
slow   [  86% ] 242/300 VUs  12m54.0s/15m0s  1.05 iters/s

running (12m55.0s), 242/300 VUs, 573 complete and 0 interrupted iterations
slow   [  86% ] 242/300 VUs  12m55.0s/15m0s  1.05 iters/s

running (12m56.0s), 242/300 VUs, 574 complete and 0 interrupted iterations
slow   [  86% ] 242/300 VUs  12m56.0s/15m0s  1.05 iters/s

running (12m57.0s), 242/300 VUs, 575 complete and 0 interrupted iterations
slow   [  86% ] 242/300 VUs  12m57.0s/15m0s  1.05 iters/s

running (12m58.0s), 242/300 VUs, 576 complete and 0 interrupted iterations
slow   [  86% ] 242/300 VUs  12m58.0s/15m0s  1.05 iters/s

running (12m59.0s), 242/300 VUs, 577 complete and 0 interrupted iterations
slow   [  87% ] 242/300 VUs  12m59.0s/15m0s  1.05 iters/s

running (13m00.0s), 242/300 VUs, 578 complete and 0 interrupted iterations
slow   [  87% ] 242/300 VUs  13m00.0s/15m0s  1.05 iters/s

running (13m01.0s), 242/300 VUs, 579 complete and 0 interrupted iterations
slow   [  87% ] 242/300 VUs  13m01.0s/15m0s  1.05 iters/s

running (13m02.0s), 242/300 VUs, 580 complete and 0 interrupted iterations
slow   [  87% ] 242/300 VUs  13m02.0s/15m0s  1.05 iters/s

running (13m03.0s), 242/300 VUs, 581 complete and 0 interrupted iterations
slow   [  87% ] 242/300 VUs  13m03.0s/15m0s  1.05 iters/s

running (13m04.0s), 242/300 VUs, 582 complete and 0 interrupted iterations
slow   [  87% ] 242/300 VUs  13m04.0s/15m0s  1.05 iters/s

running (13m05.0s), 242/300 VUs, 583 complete and 0 interrupted iterations
slow   [  87% ] 242/300 VUs  13m05.0s/15m0s  1.05 iters/s

running (13m06.0s), 242/300 VUs, 584 complete and 0 interrupted iterations
slow   [  87% ] 242/300 VUs  13m06.0s/15m0s  1.05 iters/s

running (13m07.0s), 242/300 VUs, 585 complete and 0 interrupted iterations
slow   [  87% ] 242/300 VUs  13m07.0s/15m0s  1.05 iters/s

running (13m08.0s), 242/300 VUs, 586 complete and 0 interrupted iterations
slow   [  88% ] 242/300 VUs  13m08.0s/15m0s  1.05 iters/s

running (13m09.0s), 241/300 VUs, 588 complete and 0 interrupted iterations
slow   [  88% ] 241/300 VUs  13m09.0s/15m0s  1.05 iters/s

running (13m10.0s), 241/300 VUs, 589 complete and 0 interrupted iterations
slow   [  88% ] 241/300 VUs  13m10.0s/15m0s  1.05 iters/s

running (13m11.0s), 241/300 VUs, 590 complete and 0 interrupted iterations
slow   [  88% ] 241/300 VUs  13m11.0s/15m0s  1.05 iters/s

running (13m12.0s), 241/300 VUs, 591 complete and 0 interrupted iterations
slow   [  88% ] 241/300 VUs  13m12.0s/15m0s  1.05 iters/s

running (13m13.0s), 241/300 VUs, 592 complete and 0 interrupted iterations
slow   [  88% ] 241/300 VUs  13m13.0s/15m0s  1.05 iters/s

running (13m14.0s), 242/300 VUs, 593 complete and 0 interrupted iterations
slow   [  88% ] 242/300 VUs  13m14.0s/15m0s  1.05 iters/s

running (13m15.0s), 242/300 VUs, 594 complete and 0 interrupted iterations
slow   [  88% ] 242/300 VUs  13m15.0s/15m0s  1.05 iters/s

running (13m16.0s), 242/300 VUs, 595 complete and 0 interrupted iterations
slow   [  88% ] 242/300 VUs  13m16.0s/15m0s  1.05 iters/s

running (13m17.0s), 242/300 VUs, 596 complete and 0 interrupted iterations
slow   [  89% ] 242/300 VUs  13m17.0s/15m0s  1.05 iters/s

running (13m18.0s), 242/300 VUs, 597 complete and 0 interrupted iterations
slow   [  89% ] 242/300 VUs  13m18.0s/15m0s  1.05 iters/s

running (13m19.0s), 242/300 VUs, 598 complete and 0 interrupted iterations
slow   [  89% ] 242/300 VUs  13m19.0s/15m0s  1.05 iters/s

running (13m20.0s), 242/300 VUs, 599 complete and 0 interrupted iterations
slow   [  89% ] 242/300 VUs  13m20.0s/15m0s  1.05 iters/s

running (13m21.0s), 242/300 VUs, 600 complete and 0 interrupted iterations
slow   [  89% ] 242/300 VUs  13m21.0s/15m0s  1.05 iters/s

running (13m22.0s), 242/300 VUs, 601 complete and 0 interrupted iterations
slow   [  89% ] 242/300 VUs  13m22.0s/15m0s  1.05 iters/s

running (13m23.0s), 242/300 VUs, 602 complete and 0 interrupted iterations
slow   [  89% ] 242/300 VUs  13m23.0s/15m0s  1.05 iters/s

running (13m24.0s), 242/300 VUs, 603 complete and 0 interrupted iterations
slow   [  89% ] 242/300 VUs  13m24.0s/15m0s  1.05 iters/s

running (13m25.0s), 242/300 VUs, 604 complete and 0 interrupted iterations
slow   [  89% ] 242/300 VUs  13m25.0s/15m0s  1.05 iters/s

running (13m26.0s), 242/300 VUs, 605 complete and 0 interrupted iterations
slow   [  90% ] 242/300 VUs  13m26.0s/15m0s  1.05 iters/s

running (13m27.0s), 242/300 VUs, 606 complete and 0 interrupted iterations
slow   [  90% ] 242/300 VUs  13m27.0s/15m0s  1.05 iters/s

running (13m28.0s), 242/300 VUs, 607 complete and 0 interrupted iterations
slow   [  90% ] 242/300 VUs  13m28.0s/15m0s  1.05 iters/s

running (13m29.0s), 241/300 VUs, 609 complete and 0 interrupted iterations
slow   [  90% ] 241/300 VUs  13m29.0s/15m0s  1.05 iters/s

running (13m30.0s), 241/300 VUs, 610 complete and 0 interrupted iterations
slow   [  90% ] 241/300 VUs  13m30.0s/15m0s  1.05 iters/s

running (13m31.0s), 241/300 VUs, 611 complete and 0 interrupted iterations
slow   [  90% ] 241/300 VUs  13m31.0s/15m0s  1.05 iters/s

running (13m32.0s), 241/300 VUs, 612 complete and 0 interrupted iterations
slow   [  90% ] 241/300 VUs  13m32.0s/15m0s  1.05 iters/s

running (13m33.0s), 241/300 VUs, 613 complete and 0 interrupted iterations
slow   [  90% ] 241/300 VUs  13m33.0s/15m0s  1.05 iters/s

running (13m34.0s), 242/300 VUs, 614 complete and 0 interrupted iterations
slow   [  90% ] 242/300 VUs  13m34.0s/15m0s  1.05 iters/s

running (13m35.0s), 242/300 VUs, 615 complete and 0 interrupted iterations
slow   [  91% ] 242/300 VUs  13m35.0s/15m0s  1.05 iters/s

running (13m36.0s), 242/300 VUs, 616 complete and 0 interrupted iterations
slow   [  91% ] 242/300 VUs  13m36.0s/15m0s  1.05 iters/s

running (13m37.0s), 242/300 VUs, 617 complete and 0 interrupted iterations
slow   [  91% ] 242/300 VUs  13m37.0s/15m0s  1.05 iters/s

running (13m38.0s), 242/300 VUs, 618 complete and 0 interrupted iterations
slow   [  91% ] 242/300 VUs  13m38.0s/15m0s  1.05 iters/s

running (13m39.0s), 242/300 VUs, 619 complete and 0 interrupted iterations
slow   [  91% ] 242/300 VUs  13m39.0s/15m0s  1.05 iters/s

running (13m40.0s), 242/300 VUs, 620 complete and 0 interrupted iterations
slow   [  91% ] 242/300 VUs  13m40.0s/15m0s  1.05 iters/s

running (13m41.0s), 242/300 VUs, 621 complete and 0 interrupted iterations
slow   [  91% ] 242/300 VUs  13m41.0s/15m0s  1.05 iters/s

running (13m42.0s), 242/300 VUs, 622 complete and 0 interrupted iterations
slow   [  91% ] 242/300 VUs  13m42.0s/15m0s  1.05 iters/s

running (13m43.0s), 242/300 VUs, 623 complete and 0 interrupted iterations
slow   [  91% ] 242/300 VUs  13m43.0s/15m0s  1.05 iters/s

running (13m44.0s), 242/300 VUs, 624 complete and 0 interrupted iterations
slow   [  92% ] 242/300 VUs  13m44.0s/15m0s  1.05 iters/s

running (13m45.0s), 243/300 VUs, 624 complete and 0 interrupted iterations
slow   [  92% ] 243/300 VUs  13m45.0s/15m0s  1.05 iters/s

running (13m46.0s), 243/300 VUs, 625 complete and 0 interrupted iterations
slow   [  92% ] 243/300 VUs  13m46.0s/15m0s  1.05 iters/s

running (13m47.0s), 243/300 VUs, 626 complete and 0 interrupted iterations
slow   [  92% ] 243/300 VUs  13m47.0s/15m0s  1.05 iters/s

running (13m48.0s), 242/300 VUs, 628 complete and 0 interrupted iterations
slow   [  92% ] 242/300 VUs  13m48.0s/15m0s  1.05 iters/s

running (13m49.0s), 241/300 VUs, 630 complete and 0 interrupted iterations
slow   [  92% ] 241/300 VUs  13m49.0s/15m0s  1.05 iters/s

running (13m50.0s), 241/300 VUs, 631 complete and 0 interrupted iterations
slow   [  92% ] 241/300 VUs  13m50.0s/15m0s  1.05 iters/s

running (13m51.0s), 241/300 VUs, 632 complete and 0 interrupted iterations
slow   [  92% ] 241/300 VUs  13m51.0s/15m0s  1.05 iters/s

running (13m52.0s), 241/300 VUs, 633 complete and 0 interrupted iterations
slow   [  92% ] 241/300 VUs  13m52.0s/15m0s  1.05 iters/s

running (13m53.0s), 241/300 VUs, 634 complete and 0 interrupted iterations
slow   [  93% ] 241/300 VUs  13m53.0s/15m0s  1.05 iters/s

running (13m54.0s), 242/300 VUs, 635 complete and 0 interrupted iterations
slow   [  93% ] 242/300 VUs  13m54.0s/15m0s  1.05 iters/s

running (13m55.0s), 242/300 VUs, 636 complete and 0 interrupted iterations
slow   [  93% ] 242/300 VUs  13m55.0s/15m0s  1.05 iters/s

running (13m56.0s), 242/300 VUs, 637 complete and 0 interrupted iterations
slow   [  93% ] 242/300 VUs  13m56.0s/15m0s  1.05 iters/s

running (13m57.0s), 242/300 VUs, 638 complete and 0 interrupted iterations
slow   [  93% ] 242/300 VUs  13m57.0s/15m0s  1.05 iters/s

running (13m58.0s), 242/300 VUs, 639 complete and 0 interrupted iterations
slow   [  93% ] 242/300 VUs  13m58.0s/15m0s  1.05 iters/s

running (13m59.0s), 242/300 VUs, 640 complete and 0 interrupted iterations
slow   [  93% ] 242/300 VUs  13m59.0s/15m0s  1.05 iters/s

running (14m00.0s), 242/300 VUs, 641 complete and 0 interrupted iterations
slow   [  93% ] 242/300 VUs  14m00.0s/15m0s  1.05 iters/s

running (14m01.0s), 242/300 VUs, 642 complete and 0 interrupted iterations
slow   [  93% ] 242/300 VUs  14m01.0s/15m0s  1.05 iters/s

running (14m02.0s), 242/300 VUs, 643 complete and 0 interrupted iterations
slow   [  94% ] 242/300 VUs  14m02.0s/15m0s  1.05 iters/s

running (14m03.0s), 242/300 VUs, 644 complete and 0 interrupted iterations
slow   [  94% ] 242/300 VUs  14m03.0s/15m0s  1.05 iters/s

running (14m04.0s), 242/300 VUs, 645 complete and 0 interrupted iterations
slow   [  94% ] 242/300 VUs  14m04.0s/15m0s  1.05 iters/s

running (14m05.0s), 242/300 VUs, 646 complete and 0 interrupted iterations
slow   [  94% ] 242/300 VUs  14m05.0s/15m0s  1.05 iters/s

running (14m06.0s), 242/300 VUs, 647 complete and 0 interrupted iterations
slow   [  94% ] 242/300 VUs  14m06.0s/15m0s  1.05 iters/s

running (14m07.0s), 242/300 VUs, 648 complete and 0 interrupted iterations
slow   [  94% ] 242/300 VUs  14m07.0s/15m0s  1.05 iters/s

running (14m08.0s), 242/300 VUs, 649 complete and 0 interrupted iterations
slow   [  94% ] 242/300 VUs  14m08.0s/15m0s  1.05 iters/s

running (14m09.0s), 242/300 VUs, 650 complete and 0 interrupted iterations
slow   [  94% ] 242/300 VUs  14m09.0s/15m0s  1.05 iters/s

running (14m10.0s), 241/300 VUs, 652 complete and 0 interrupted iterations
slow   [  94% ] 241/300 VUs  14m10.0s/15m0s  1.05 iters/s

running (14m11.0s), 241/300 VUs, 653 complete and 0 interrupted iterations
slow   [  95% ] 241/300 VUs  14m11.0s/15m0s  1.05 iters/s

running (14m12.0s), 241/300 VUs, 654 complete and 0 interrupted iterations
slow   [  95% ] 241/300 VUs  14m12.0s/15m0s  1.05 iters/s

running (14m13.0s), 241/300 VUs, 655 complete and 0 interrupted iterations
slow   [  95% ] 241/300 VUs  14m13.0s/15m0s  1.05 iters/s

running (14m14.0s), 242/300 VUs, 656 complete and 0 interrupted iterations
slow   [  95% ] 242/300 VUs  14m14.0s/15m0s  1.05 iters/s

running (14m15.0s), 242/300 VUs, 657 complete and 0 interrupted iterations
slow   [  95% ] 242/300 VUs  14m15.0s/15m0s  1.05 iters/s

running (14m16.0s), 242/300 VUs, 658 complete and 0 interrupted iterations
slow   [  95% ] 242/300 VUs  14m16.0s/15m0s  1.05 iters/s

running (14m17.0s), 242/300 VUs, 659 complete and 0 interrupted iterations
slow   [  95% ] 242/300 VUs  14m17.0s/15m0s  1.05 iters/s

running (14m18.0s), 242/300 VUs, 660 complete and 0 interrupted iterations
slow   [  95% ] 242/300 VUs  14m18.0s/15m0s  1.05 iters/s

running (14m19.0s), 242/300 VUs, 661 complete and 0 interrupted iterations
slow   [  95% ] 242/300 VUs  14m19.0s/15m0s  1.05 iters/s

running (14m20.0s), 242/300 VUs, 662 complete and 0 interrupted iterations
slow   [  96% ] 242/300 VUs  14m20.0s/15m0s  1.05 iters/s

running (14m21.0s), 242/300 VUs, 663 complete and 0 interrupted iterations
slow   [  96% ] 242/300 VUs  14m21.0s/15m0s  1.05 iters/s

running (14m22.0s), 242/300 VUs, 664 complete and 0 interrupted iterations
slow   [  96% ] 242/300 VUs  14m22.0s/15m0s  1.05 iters/s

running (14m23.0s), 242/300 VUs, 665 complete and 0 interrupted iterations
slow   [  96% ] 242/300 VUs  14m23.0s/15m0s  1.05 iters/s

running (14m24.0s), 242/300 VUs, 666 complete and 0 interrupted iterations
slow   [  96% ] 242/300 VUs  14m24.0s/15m0s  1.05 iters/s

running (14m25.0s), 242/300 VUs, 667 complete and 0 interrupted iterations
slow   [  96% ] 242/300 VUs  14m25.0s/15m0s  1.05 iters/s

running (14m26.0s), 242/300 VUs, 668 complete and 0 interrupted iterations
slow   [  96% ] 242/300 VUs  14m26.0s/15m0s  1.05 iters/s

running (14m27.0s), 242/300 VUs, 669 complete and 0 interrupted iterations
slow   [  96% ] 242/300 VUs  14m27.0s/15m0s  1.05 iters/s

running (14m28.0s), 242/300 VUs, 670 complete and 0 interrupted iterations
slow   [  96% ] 242/300 VUs  14m28.0s/15m0s  1.05 iters/s

running (14m29.0s), 241/300 VUs, 672 complete and 0 interrupted iterations
slow   [  97% ] 241/300 VUs  14m29.0s/15m0s  1.05 iters/s

running (14m30.0s), 241/300 VUs, 673 complete and 0 interrupted iterations
slow   [  97% ] 241/300 VUs  14m30.0s/15m0s  1.05 iters/s

running (14m31.0s), 241/300 VUs, 674 complete and 0 interrupted iterations
slow   [  97% ] 241/300 VUs  14m31.0s/15m0s  1.05 iters/s

running (14m32.0s), 241/300 VUs, 675 complete and 0 interrupted iterations
slow   [  97% ] 241/300 VUs  14m32.0s/15m0s  1.05 iters/s

running (14m33.0s), 241/300 VUs, 676 complete and 0 interrupted iterations
slow   [  97% ] 241/300 VUs  14m33.0s/15m0s  1.05 iters/s

running (14m34.0s), 242/300 VUs, 677 complete and 0 interrupted iterations
slow   [  97% ] 242/300 VUs  14m34.0s/15m0s  1.05 iters/s

running (14m35.0s), 242/300 VUs, 678 complete and 0 interrupted iterations
slow   [  97% ] 242/300 VUs  14m35.0s/15m0s  1.05 iters/s

running (14m36.0s), 242/300 VUs, 679 complete and 0 interrupted iterations
slow   [  97% ] 242/300 VUs  14m36.0s/15m0s  1.05 iters/s

running (14m37.0s), 242/300 VUs, 680 complete and 0 interrupted iterations
slow   [  97% ] 242/300 VUs  14m37.0s/15m0s  1.05 iters/s

running (14m38.0s), 242/300 VUs, 681 complete and 0 interrupted iterations
slow   [  98% ] 242/300 VUs  14m38.0s/15m0s  1.05 iters/s

running (14m39.0s), 242/300 VUs, 682 complete and 0 interrupted iterations
slow   [  98% ] 242/300 VUs  14m39.0s/15m0s  1.05 iters/s

running (14m40.0s), 242/300 VUs, 683 complete and 0 interrupted iterations
slow   [  98% ] 242/300 VUs  14m40.0s/15m0s  1.05 iters/s

running (14m41.0s), 242/300 VUs, 684 complete and 0 interrupted iterations
slow   [  98% ] 242/300 VUs  14m41.0s/15m0s  1.05 iters/s

running (14m42.0s), 242/300 VUs, 685 complete and 0 interrupted iterations
slow   [  98% ] 242/300 VUs  14m42.0s/15m0s  1.05 iters/s

running (14m43.0s), 242/300 VUs, 686 complete and 0 interrupted iterations
slow   [  98% ] 242/300 VUs  14m43.0s/15m0s  1.05 iters/s

running (14m44.0s), 242/300 VUs, 687 complete and 0 interrupted iterations
slow   [  98% ] 242/300 VUs  14m44.0s/15m0s  1.05 iters/s

running (14m45.0s), 242/300 VUs, 688 complete and 0 interrupted iterations
slow   [  98% ] 242/300 VUs  14m45.0s/15m0s  1.05 iters/s

running (14m46.0s), 242/300 VUs, 689 complete and 0 interrupted iterations
slow   [  98% ] 242/300 VUs  14m46.0s/15m0s  1.05 iters/s

running (14m47.0s), 242/300 VUs, 690 complete and 0 interrupted iterations
slow   [  99% ] 242/300 VUs  14m47.0s/15m0s  1.05 iters/s

running (14m48.0s), 242/300 VUs, 691 complete and 0 interrupted iterations
slow   [  99% ] 242/300 VUs  14m48.0s/15m0s  1.05 iters/s

running (14m49.0s), 241/300 VUs, 693 complete and 0 interrupted iterations
slow   [  99% ] 241/300 VUs  14m49.0s/15m0s  1.05 iters/s

running (14m50.0s), 241/300 VUs, 694 complete and 0 interrupted iterations
slow   [  99% ] 241/300 VUs  14m50.0s/15m0s  1.05 iters/s

running (14m51.0s), 241/300 VUs, 695 complete and 0 interrupted iterations
slow   [  99% ] 241/300 VUs  14m51.0s/15m0s  1.05 iters/s

running (14m52.0s), 241/300 VUs, 696 complete and 0 interrupted iterations
slow   [  99% ] 241/300 VUs  14m52.0s/15m0s  1.05 iters/s

running (14m53.0s), 242/300 VUs, 697 complete and 0 interrupted iterations
slow   [  99% ] 242/300 VUs  14m53.0s/15m0s  1.05 iters/s

running (14m54.0s), 242/300 VUs, 698 complete and 0 interrupted iterations
slow   [  99% ] 242/300 VUs  14m54.0s/15m0s  1.05 iters/s

running (14m55.0s), 242/300 VUs, 699 complete and 0 interrupted iterations
slow   [  99% ] 242/300 VUs  14m55.0s/15m0s  1.05 iters/s

running (14m56.0s), 242/300 VUs, 700 complete and 0 interrupted iterations
slow   [ 100% ] 242/300 VUs  14m56.0s/15m0s  1.05 iters/s

running (14m57.0s), 242/300 VUs, 701 complete and 0 interrupted iterations
slow   [ 100% ] 242/300 VUs  14m57.0s/15m0s  1.05 iters/s

running (14m58.0s), 242/300 VUs, 702 complete and 0 interrupted iterations
slow   [ 100% ] 242/300 VUs  14m58.0s/15m0s  1.05 iters/s

running (14m59.0s), 242/300 VUs, 703 complete and 0 interrupted iterations
slow   [ 100% ] 242/300 VUs  14m59.0s/15m0s  1.05 iters/s

running (15m00.0s), 242/300 VUs, 704 complete and 0 interrupted iterations
slow   [ 100% ] 242/300 VUs  15m00.0s/15m0s  1.05 iters/s

running (15m01.0s), 241/300 VUs, 705 complete and 0 interrupted iterations
slow ↓ [ 100% ] 242/300 VUs  15m0s  1.05 iters/s

running (15m02.0s), 240/300 VUs, 706 complete and 0 interrupted iterations
slow ↓ [ 100% ] 242/300 VUs  15m0s  1.05 iters/s

running (15m03.0s), 239/300 VUs, 707 complete and 0 interrupted iterations
slow ↓ [ 100% ] 242/300 VUs  15m0s  1.05 iters/s

running (15m04.0s), 238/300 VUs, 708 complete and 0 interrupted iterations
slow ↓ [ 100% ] 242/300 VUs  15m0s  1.05 iters/s

running (15m05.0s), 237/300 VUs, 709 complete and 0 interrupted iterations
slow ↓ [ 100% ] 242/300 VUs  15m0s  1.05 iters/s

running (15m06.0s), 236/300 VUs, 710 complete and 0 interrupted iterations
slow ↓ [ 100% ] 242/300 VUs  15m0s  1.05 iters/s

running (15m07.0s), 235/300 VUs, 711 complete and 0 interrupted iterations
slow ↓ [ 100% ] 242/300 VUs  15m0s  1.05 iters/s

running (15m08.0s), 233/300 VUs, 713 complete and 0 interrupted iterations
slow ↓ [ 100% ] 242/300 VUs  15m0s  1.05 iters/s

running (15m09.0s), 232/300 VUs, 714 complete and 0 interrupted iterations
slow ↓ [ 100% ] 242/300 VUs  15m0s  1.05 iters/s

running (15m10.0s), 231/300 VUs, 715 complete and 0 interrupted iterations
slow ↓ [ 100% ] 242/300 VUs  15m0s  1.05 iters/s

running (15m11.0s), 230/300 VUs, 716 complete and 0 interrupted iterations
slow ↓ [ 100% ] 242/300 VUs  15m0s  1.05 iters/s

running (15m12.0s), 229/300 VUs, 717 complete and 0 interrupted iterations
slow ↓ [ 100% ] 242/300 VUs  15m0s  1.05 iters/s

running (15m13.0s), 228/300 VUs, 718 complete and 0 interrupted iterations
slow ↓ [ 100% ] 242/300 VUs  15m0s  1.05 iters/s

running (15m14.0s), 227/300 VUs, 719 complete and 0 interrupted iterations
slow ↓ [ 100% ] 242/300 VUs  15m0s  1.05 iters/s

running (15m15.0s), 226/300 VUs, 720 complete and 0 interrupted iterations
slow ↓ [ 100% ] 242/300 VUs  15m0s  1.05 iters/s

running (15m16.0s), 225/300 VUs, 721 complete and 0 interrupted iterations
slow ↓ [ 100% ] 242/300 VUs  15m0s  1.05 iters/s

running (15m17.0s), 224/300 VUs, 722 complete and 0 interrupted iterations
slow ↓ [ 100% ] 242/300 VUs  15m0s  1.05 iters/s

running (15m18.0s), 223/300 VUs, 723 complete and 0 interrupted iterations
slow ↓ [ 100% ] 242/300 VUs  15m0s  1.05 iters/s

running (15m19.0s), 222/300 VUs, 724 complete and 0 interrupted iterations
slow ↓ [ 100% ] 242/300 VUs  15m0s  1.05 iters/s

running (15m20.0s), 221/300 VUs, 725 complete and 0 interrupted iterations
slow ↓ [ 100% ] 242/300 VUs  15m0s  1.05 iters/s

running (15m21.0s), 220/300 VUs, 726 complete and 0 interrupted iterations
slow ↓ [ 100% ] 242/300 VUs  15m0s  1.05 iters/s

running (15m22.0s), 219/300 VUs, 727 complete and 0 interrupted iterations
slow ↓ [ 100% ] 242/300 VUs  15m0s  1.05 iters/s

running (15m23.0s), 218/300 VUs, 728 complete and 0 interrupted iterations
slow ↓ [ 100% ] 242/300 VUs  15m0s  1.05 iters/s

running (15m24.0s), 217/300 VUs, 729 complete and 0 interrupted iterations
slow ↓ [ 100% ] 242/300 VUs  15m0s  1.05 iters/s

running (15m25.0s), 216/300 VUs, 730 complete and 0 interrupted iterations
slow ↓ [ 100% ] 242/300 VUs  15m0s  1.05 iters/s

running (15m26.0s), 215/300 VUs, 731 complete and 0 interrupted iterations
slow ↓ [ 100% ] 242/300 VUs  15m0s  1.05 iters/s

running (15m27.0s), 214/300 VUs, 732 complete and 0 interrupted iterations
slow ↓ [ 100% ] 242/300 VUs  15m0s  1.05 iters/s

running (15m28.0s), 212/300 VUs, 734 complete and 0 interrupted iterations
slow ↓ [ 100% ] 242/300 VUs  15m0s  1.05 iters/s

running (15m29.0s), 211/300 VUs, 735 complete and 0 interrupted iterations
slow ↓ [ 100% ] 242/300 VUs  15m0s  1.05 iters/s

running (15m30.0s), 210/300 VUs, 736 complete and 0 interrupted iterations
slow ↓ [ 100% ] 242/300 VUs  15m0s  1.05 iters/s
{
  "metrics": {
    "iterations": {
      "count": 736,
      "rate": 0.7913798996047288
    },
    "dropped_iterations": {},
    "http_reqs": {
        "count": 736,
        "rate": 0.7913798996047288
      },
    "vus_max": {
        "max": 300,
        "value": 300,
        "min": 300
      },
    "http_req_failed": {
        "rate": 1,
        "passes": 736,
        "fails": 0
      },
    "http_req_duration": {
        "avg": 230158.8300475545,
        "min": 230118.687,
        "med": 230145.138,
        "max": 233041.207,
        "p(90)": 230191.9775,
        "p(95)": 230213.34375
      }
  },
  "root_group": {
    "checks": [],
    "name": "",
    "path": "",
    "id": "d41d8cd98f00b204e9800998ecf8427e",
    "groups": []
  },
  "state": {
    "isStdOutTTY": false,
    "isStdErrTTY": false,
    "testRunDurationMs": 930021.094
  }
}
running (15m30.0s), 000/300 VUs, 736 complete and 210 interrupted iterations
slow ✓ [ 100% ] 210/300 VUs  15m0s  1.05 iters/s
